store,item,avg_daily_demand,forecast_daily_demand,daily_error_std,validation_mape,safety_stock_units,reorder_point_units,reorder_point_value
2,28,117.51086956521739,116.06209373355762,12.103078581655575,9.162549507909873,52.67106864255159,865.105724777455,4498.549768842766
2,15,117.04347826086956,114.63627285692488,10.38187911413474,7.13344950714737,45.18062605063775,847.634536049112,4407.699587455382
2,18,114.22826086956522,112.48407743363455,10.785717223651321,7.889352731031722,46.93807847427693,834.3266205097189,4338.498426650538
8,28,113.83695652173913,111.65660562744917,11.988462471393284,8.948006472988293,52.172273813579935,833.7685132057242,4335.596268669766
8,15,113.48913043478261,112.04065037004288,10.937666042296517,7.739166510371237,47.59934053277056,831.8838931230708,4325.7962442399685
2,13,111.32608695652173,110.12046800090855,10.715013390181532,8.030494011219533,46.63038432515166,817.4736603315115,4250.86303372386
2,38,110.19565217391305,108.5765883410162,11.214357319541762,8.698491199807354,48.80346600863656,808.83958439575,4205.9658388579
2,25,108.75,107.16656397546384,12.65834635122237,9.875875850352216,55.087523812079915,805.2534716403268,4187.318052529699
8,13,108.96739130434783,107.48995584856154,11.835344663403326,9.222059118690023,51.505924461171375,803.9356154011022,4180.465200085731
2,45,109.1086956521739,107.55056976642099,11.506992419583595,8.791412955277645,50.07697698665212,802.9309653515991,4175.241019828315
8,18,107.16304347826087,107.10552697470347,10.897010273608524,8.025069627453156,47.422411764702694,797.161100587627,4145.23772305566
2,22,108.42391304347827,106.68561633338759,10.057759498680081,7.285688652877837,43.770098439928425,790.5694127736416,4110.960946422936
3,28,105.54347826086956,105.40706428448514,10.585353277915257,8.090216430705269,46.06611990041852,783.9155698918145,4076.360963437435
3,15,106.19565217391305,104.92113796797659,11.131279510886843,9.07178924037729,48.44192188308091,782.889887658917,4071.0274158263687
8,38,105.8913043478261,104.74870314155714,11.243461629466243,8.551192763374674,48.930124287807764,782.1710462787078,4067.2894406492806
2,36,104.5,103.52863887086986,11.892466164201622,8.740842598457965,51.75451001477364,776.4549821108626,4037.5659069764856
10,15,103.92391304347827,102.96495886923068,11.222456789075329,8.372312859832721,48.83871387659781,769.5934259612126,4001.8858149983057
2,8,104.56521739130434,103.08104021904107,11.031051895953723,8.56956955827911,48.00574396765177,769.5730255009394,4001.779732604885
8,22,103.6413043478261,102.99291280967036,10.808142338559867,8.111508181512585,47.035669740721765,767.9860594084143,3993.527508923755
8,25,103.3695652173913,102.74767657456084,10.70291307865511,8.349592574495201,46.57772529838383,765.8114613203097,3982.219598865611
10,28,103.15217391304348,102.93004323730352,10.027134779653155,8.124581935386542,43.636823532462245,764.1471261935869,3973.565056206652
8,45,100.81521739130434,100.8080644992575,11.06291026798809,9.41596798779946,48.14438757712196,753.8008390719244,3919.764363174007
3,18,100.66304347826087,99.91359040406887,11.229683735359837,9.33696707573161,48.87016463363116,748.2652974621133,3890.9795468029893
8,8,100.65217391304348,99.85910561942102,10.631296609606505,8.955139047079632,46.26605947454018,745.2797988104873,3875.454953814534
3,13,100.55434782608695,99.68715943313089,10.865217797256928,8.959210312543384,47.284054924917335,745.0941709568335,3874.4896889755346
8,36,101.17391304347827,99.56438880456977,10.76965138068272,8.588924175750765,46.86816195575724,743.8188835877457,3867.858194656278
10,13,100.19565217391305,99.90316507646605,10.08338556533889,8.293606147077716,43.8816198439182,743.2037753791806,3864.659631971739
2,10,98.18478260869566,98.09419026451506,11.755890703653197,10.368002653387592,51.16015086813988,737.8194827197453,3836.661310142676
9,15,97.59782608695652,97.7961109849313,10.538639609256485,8.531444152848117,45.86282791715396,730.4356048116731,3798.2651450207004
3,38,97.69565217391305,97.37397541908094,10.595299295948248,8.859827822315907,46.10940371411941,727.7272316476859,3784.181604567967
4,15,99.04347826086956,97.7815737847672,9.919452551102836,7.830203072645843,43.16820408053591,727.6392205739063,3783.723946984313
10,18,98.53260869565217,98.13480054461999,8.91764822952637,7.657470149475055,38.808478261012965,725.7520820733529,3773.910826781435
4,28,96.59782608695652,96.49047452460444,11.284228015872937,10.221626745834568,49.107534450209776,724.5408561224408,3767.6124518366923
9,28,97.51086956521739,97.20160432451425,9.90037477679334,8.440499724546983,43.08518001740824,723.4964102890079,3762.1813335028414
3,45,95.40217391304348,95.43849129533388,10.948054959466484,9.180988639871464,47.644551787550846,715.713990854888,3721.712752445418
3,22,95.58695652173913,95.58457313190765,9.825580152331932,8.354998937272859,42.759683262799726,711.8516951861533,3701.628814967997
10,38,95.15217391304348,94.6961162941817,10.92818002627781,9.396464054997642,47.55805858970997,710.4308726489819,3694.240537774706
8,10,95.03260869565217,95.02094927749013,9.577513534355653,8.193591332634293,41.68012868706078,706.8267736294918,3675.499222873357
10,25,94.16304347826087,94.05642130640398,10.760562696905472,10.212608205900397,46.82860915240459,705.2235582972324,3667.1625031456088
10,45,94.3695652173913,94.42490363409414,10.035687651877964,8.76924589499969,43.67404455164382,704.6483699903029,3664.1715239495747
2,11,94.08695652173913,93.98974250628878,10.348996995845702,9.703294504513583,45.03752722682779,702.9657247708493,3655.4217688084163
10,22,93.95652173913044,94.14778142361551,9.68350729482838,8.461931436951415,42.141400139268235,701.1758701045769,3646.1145245438
3,25,95.01086956521739,94.55587730054535,8.903382842478516,7.802757858080242,38.74639709915479,700.6375382029722,3643.315198655456
9,18,92.69565217391305,92.8489582889357,10.841046665284082,9.29795587577725,47.17886521283536,697.1215732353853,3625.0321808240037
2,12,93.26086956521739,92.99399058751953,10.214790667714114,8.687708902583378,44.45347824510856,695.4114123577453,3616.1393442602757
2,29,92.92391304347827,92.8476961130489,10.426731803994025,9.701901916354913,45.37581928932019,695.3096920806624,3615.610398819445
4,18,92.40217391304348,92.5982661202139,10.774786597262622,9.871731071845577,46.89050976942709,695.0783726109245,3614.4075375768075
2,33,92.07608695652173,92.54514625490201,10.539483978503645,9.533042743980216,45.86650250542311,693.6825262897372,3607.1491367066337
9,13,91.5,92.4763487019434,9.806779469125564,9.371888587088472,42.677865065139635,690.0123059787434,3588.0639910894656
3,8,91.58695652173913,91.85159287821462,9.525934756913388,8.6451506195326,41.455664365125536,684.4168145126279,3558.967435465665
4,13,91.90217391304348,91.20198628264599,10.469007677831895,8.980688997524766,45.559798550283865,683.9737025288058,3556.6632531497903
3,36,91.16304347826087,91.43266858363936,9.980341553251044,8.96381682515744,43.43318532395159,683.461865409427,3554.0017001290203
10,8,90.3695652173913,90.77091490675916,10.687633415910742,9.480699142895975,46.51123013685829,681.9076344841725,3545.919699317697
9,25,89.47826086956522,89.90176811845846,10.913868176487057,9.804487222353863,47.49577522786573,676.808152057075,3519.40239069679
10,36,90.94565217391305,90.75809899965405,9.454191636566193,8.583162533835228,41.14344737083406,676.4501403684125,3517.540729915745
8,29,90.07608695652173,90.19041291787333,9.780130150607683,9.037527119254904,42.56189059835727,673.8947810234706,3504.2528613220475
4,45,88.81521739130434,89.59517169868609,10.718292452298762,10.430372081377408,46.644654389143604,673.8108562799463,3503.8164526557207
8,33,88.34782608695652,89.13295634928839,11.173740004612766,10.175453182899501,48.62670458646882,672.5573990314875,3497.2984749637353
9,38,89.52173913043478,89.55622838043028,10.2906689580093,9.775353186306932,44.78369097649368,671.6772896395056,3492.721906125429
2,24,90.04347826086956,90.34018392752175,8.973410623303566,8.425618672796046,39.05114915259615,671.4324366452485,3491.448670555292
9,22,89.26086956521739,89.54312617111881,10.072088027785668,9.036715198029691,43.83245438804323,670.6343375858748,3487.2985554465495
9,45,89.42391304347827,89.7813698945875,9.247898447698674,8.39343188980423,40.24568548008662,668.7152747421992,3477.3194286594357
8,11,90.51086956521739,89.38856173469968,9.437218659938804,8.383958416467609,41.06958312125671,666.7895152641545,3467.3054793736032
8,12,87.65217391304348,88.51893042827287,10.458892153627804,10.19259708169252,45.51577706714514,665.1482900650552,3458.7711083382874
4,22,88.5,89.0979592491611,9.478719429625093,9.557535888088404,41.25018922689486,664.9359039710225,3457.666700649317
4,25,87.73913043478261,87.94117769340346,11.128034465386314,10.45282679728451,48.4277998551065,664.0160437089307,3452.88342728644
2,50,88.94565217391305,89.01575314273177,9.38034614960638,8.79337322343859,40.82208114269949,663.9323531418219,3452.4482363374736
3,10,87.79347826086956,88.14282675713947,10.411061114692306,10.381783236852561,45.307622429627145,662.3074097296035,3443.998530593938
4,38,87.97826086956522,88.2494872856739,9.596894798478356,8.94598377836512,41.76447349950657,659.5108844992238,3429.456599395964
2,35,87.56521739130434,88.31673996327905,9.158476739851706,8.866256879433458,39.85653350686217,658.0737132498156,3421.9833088990413
4,8,86.01086956521739,86.45694533026555,9.963243561686935,9.696579789008226,43.35877702516652,648.5573943370255,3372.4984505525326
10,10,85.1304347826087,85.96447829294499,10.36998071351905,10.364886128856357,45.128845714639965,646.880193765255,3363.777007579326
8,35,85.06521739130434,85.20250072646957,10.913683963994481,11.178093593610887,47.49497355837513,643.9124786436621,3348.344888947043
8,24,85.15217391304348,85.47474586563,9.866334513210818,9.465264549413163,42.93704109162426,641.2602621510342,3334.553363185378
4,36,85.23913043478261,85.50128550879515,8.760827716165238,9.167545177316752,38.12601520270285,636.6350137642689,3310.5020715741985
3,29,84.41304347826087,84.43023994419103,10.416417791621576,10.432803236535374,45.33093401075373,636.3426136200909,3308.9815908244727
9,8,85.23913043478261,84.81894134985352,9.258346782573275,9.28715884013657,40.291155313209465,634.0237447621842,3296.9234727633575
1,28,84.48913043478261,84.10114485337864,10.203290562420346,9.74705181860719,44.4034312400232,633.1114452136737,3292.1795151111037
8,50,84.09782608695652,84.48020620065174,9.116699826126261,8.808822863202774,39.67472565725918,631.0361690618213,3281.3880791214706
9,36,83.82608695652173,83.93708386721676,9.889756510690386,9.571524898735161,43.03897066505211,630.5985577355694,3279.1125002249614
1,15,84.22826086956522,83.89626210849418,9.316443029792259,9.263577311906865,40.543982840065624,627.8178175995249,3264.6526515175296
10,12,82.96739130434783,82.90159761034762,10.695846518588235,10.607176480032782,46.54697252190322,626.8581557943365,3259.66241013055
10,11,84.48913043478261,83.64963622022519,9.22857230176952,9.149423891346572,40.161580535054426,625.7090340766308,3253.6869771984802
3,11,83.67391304347827,83.19384165494861,9.585184255081614,9.238267727611401,41.71351069438802,624.0704022790283,3245.166091850947
3,12,82.5,82.445825362688,10.166543509908934,10.351955259288127,44.243512710850496,621.3642902496665,3231.094309298266
3,33,82.76086956521739,82.60057775776144,8.432363533191229,8.518557145883193,36.69658058312881,614.9006248874589,3197.4832494147863
10,29,80.66304347826087,80.86505836381677,10.687286245099667,11.50319529785899,46.50971929335699,612.5651278400744,3185.338664768387
9,10,81.56521739130434,81.68508328560091,9.29837509414702,9.430629228319258,40.465353467201595,612.2609364664079,3183.756869625321
10,33,80.65217391304348,81.39413221413182,9.216262041465903,9.452817145334189,40.10800783773738,609.8669333366602,3171.308053350633
4,10,80.75,80.74486401148866,9.991962941749899,10.032527066256792,43.483760138220134,608.6978082186408,3165.2286027369323
3,24,79.3695652173913,78.8907341138015,12.826931824253519,12.985548081019624,55.82118648825384,608.0563252848643,3161.8928914812946
1,18,80.83695652173913,80.83911064396246,9.57177727624096,9.99846119737797,41.65516521657912,607.5289397243163,3159.1504865664447
1,13,79.33695652173913,79.68926899129656,9.956316609332763,10.07960429214273,43.32863180381075,601.1535147428866,3125.9982766630105
2,14,79.52173913043478,80.05325227537502,8.465268226821683,9.344398261687948,36.839777651971986,597.2125435795971,3105.505226613905
9,29,78.20652173913044,78.05431332167582,11.162452910371286,12.419955490284382,48.57758457856694,594.9577778302977,3093.780444717548
2,31,79.16304347826087,79.28384664026483,9.003868692798152,9.509493541931565,39.183698822355424,594.1706253042091,3089.6872515818877
2,46,79.31521739130434,79.28126893773523,8.281777233518278,8.932958658267106,36.041248035034506,591.0101305991811,3073.252679115742
10,24,78.23913043478261,78.53225541741129,9.252155306654899,9.287923243277369,40.264210792367486,589.9899987142466,3067.9479933140824
3,50,78.09782608695652,78.29524797222363,9.582318604067922,10.26506954733995,41.70103974328005,589.7677755488455,3066.7924328539966
2,6,77.04347826086956,77.61926948646611,10.464912074263255,11.319412967586517,45.541975001073546,588.8768614063363,3062.159679312949
2,2,77.94565217391305,78.2595992170401,9.177005851066646,9.666321590994109,39.937169857531394,587.7543643768122,3056.3226947594235
2,7,78.27173913043478,78.22524351556216,9.214163131297417,9.664568648300497,40.09887364590238,587.6755782548374,3055.9130069251546
8,7,77.06521739130434,76.90625965169886,11.271564688262508,11.826073951790146,49.052425248587056,587.3962428104791,3054.4604626144915
1,38,76.72826086956522,77.37052677942629,10.277505341870544,10.307535829963278,44.72640458241214,586.3200920383961,3048.86447859966
9,33,76.78260869565217,77.11554400290721,10.449705683687686,11.939631081360039,45.47579871076793,585.2846067311184,3043.4799550018156
10,35,77.32608695652173,77.83977206340333,8.745058571465197,9.869861037925556,38.05738987755714,582.9357943213805,3031.2661304711787
9,11,77.70652173913044,77.1670437472708,9.206371264963247,8.944168294919189,40.064964428196184,580.2342706590917,3017.2182074272773
10,50,76.82608695652173,77.11854996147726,9.168114968291725,9.872437840907532,39.898477859146745,579.7283275894875,3014.5873034653355
4,11,77.8804347826087,77.3016732869171,8.862551350151042,9.37813548852339,38.568703604012335,579.6804166124319,3014.3381663846462
9,12,76.03260869565217,76.80621729810555,9.592807756189872,10.353696333173836,41.74668720790568,579.3902082946445,3012.8290831321515
4,12,77.15217391304348,76.70883414752885,9.369457844777063,9.799102497130752,40.77469661592833,577.7365356486303,3004.2299853728773
4,33,77.02173913043478,77.13600100126938,8.447488091226687,9.017486322035412,36.76240074856021,576.7144077574459,2998.9149203387187
1,25,76.56521739130434,76.6004629475522,9.303444919709206,10.017691440920029,40.48741670742515,576.6906573402906,2998.7914181695114
3,35,77.07608695652173,77.167489017203,8.235984419931167,8.427025136440747,35.84196349668259,576.0143866171036,2995.2748104089387
4,29,76.25,76.55326827059963,8.637696736746511,9.14230789975017,37.59016473910112,573.4630426332986,2982.007821693153
1,45,75.6304347826087,75.75734245417893,9.627013961781579,10.862241164264912,41.895548292345204,572.1969454715977,2975.424116452308
1,22,75.6086956521739,76.32748263342395,8.050005489333428,8.7190823978503,35.03260669101588,569.3249851249835,2960.4899226499147
8,14,75.8913043478261,75.66613170997343,8.997894956337433,9.827981629689745,39.15770187611962,568.8206238459336,2957.867243998855
8,46,76.20652173913044,75.79728151759032,8.768605690397818,9.74162274747625,38.15986396373834,568.7408345868705,2957.4523398517267
8,6,75.32608695652173,75.05946104219504,9.666164356029107,10.179315901196928,42.065925861067264,567.4821531564326,2950.9071964134496
8,2,75.03260869565217,74.74708179288214,9.04261888109616,9.573525135249382,39.35233474535519,562.5819072955302,2925.4259179367573
8,31,75.19565217391305,74.83382222103535,8.55643001730979,8.743127396951051,37.236502244973856,561.0732577922213,2917.580940519551
9,35,73.43478260869566,73.63757737303204,9.276982804417921,10.465668540605943,40.372256925429944,555.8352985366542,2890.3435523906023
1,8,72.91304347826087,73.36156594307757,9.486303894426621,11.215410222454716,41.283195859338264,554.8141574608812,2885.0336187965827
1,36,72.0,72.52417129633,9.477767665889345,11.596747732492668,41.24604727138174,548.9152463456917,2854.3592809975967
9,50,71.90217391304348,72.27928891498685,8.727343428758088,9.958336112532761,37.98029581498095,543.9353182198889,2828.4636547434225
4,35,71.94565217391305,72.46341695276797,8.116408928465296,9.508761859411734,35.321586067380274,542.5655047367561,2821.340624631132
9,24,72.30434782608695,72.3660806953731,8.134726033648453,9.460187905628795,35.40129979458826,541.9638646622,2818.21209624344
4,24,72.1086956521739,72.30755737293968,8.089945505519475,8.674451945032008,35.20642059463776,541.3593222052156,2815.068475467121
4,50,71.08695652173913,71.03404270444253,9.27833830218477,11.147168374453338,40.37815588043059,537.6164548115282,2795.605565019947
5,15,70.40217391304348,70.42628980621012,9.140465801914335,10.360858771547148,39.778152180820555,532.7621808242915,2770.3633402863156
3,14,70.8586956521739,70.79261768825963,8.35601275604107,9.69807014292601,36.36431164865427,531.9126354664717,2765.945704425653
2,43,70.42391304347827,70.55087255273197,8.727831719050446,9.907441288786812,37.98242079263294,531.8385286617568,2765.5603490411354
3,46,71.21739130434783,70.82622086152621,8.223486941836859,8.98727625732597,35.787576051197284,531.5711220818807,2764.16983482578
1,10,70.1304347826087,69.8222792378502,9.448719350060374,11.005849050027791,41.11963267143877,529.8755873363901,2755.3530541492287
2,48,69.6195652173913,69.96423746553297,8.245755547297492,10.077495091286766,35.88448620830133,525.6341484670322,2733.2975720285676
5,28,69.58695652173913,69.83316202814964,8.443328448417908,10.30700319386491,36.744298508668805,525.5764327057163,2732.997450069725
6,28,69.27173913043478,69.54780514467011,8.880019639124573,10.164390013624896,38.64472339033242,525.4793594030232,2732.4926688957207
6,15,68.31521739130434,69.27112864220909,9.230776312982501,12.183073357572118,40.1711721133545,525.0690726088181,2730.3591775658547
10,14,69.3913043478261,69.58189287644812,8.652984050857963,10.443505533708455,37.65669319840939,524.7299433335462,2728.5957053344405
6,13,68.33695652173913,68.47167735265435,9.847951787749825,12.254664548777898,42.85704179325891,522.1587832618394,2715.225672961565
3,7,69.8804347826087,69.60459196656348,7.9509977929085505,9.206880668213277,34.601737706785734,521.83388147273,2713.536183658196
3,6,69.32608695652173,69.65130107152302,7.731842761892776,9.294263537698455,33.648002704231246,521.2071102048924,2710.2769730654404
3,31,68.72826086956522,69.3021563528627,8.251389289328717,10.55882289023332,35.909003541741676,521.0240980117806,2709.325309661259
10,2,68.3804347826087,69.08522180299887,8.403685740517506,10.591109033156215,36.57177845313818,520.1683310741303,2704.8753215854776
10,46,68.16304347826087,68.64916351358383,9.013576802524607,10.795903396528306,39.22594728916837,519.7700918842552,2702.804477798127
10,6,68.34782608695652,68.61888877157227,8.690511965455897,10.492702189254555,37.82000994071292,518.1522313417188,2694.391602976938
5,13,67.67391304347827,67.8459565900486,9.875425728007569,12.50718045148867,42.97660490965396,517.8983010399942,2693.07116540797
2,9,68.06521739130434,68.30180450344689,8.536255539342196,10.538396940291287,37.148705466105596,515.2613369902339,2679.3589523492165
3,2,68.72826086956522,68.84549073394743,7.4728633825409805,8.791153592850089,32.52095716992241,514.4393923075544,2675.084839999283
10,7,67.53260869565217,68.06993286943379,7.503435046432977,8.593229899704129,32.65400118814543,509.1435312741819,2647.546362625746
1,11,66.6086956521739,67.09114520944716,8.98592075968415,11.260338133800403,39.10559168534383,508.74360815147395,2645.4667623876644
5,18,67.1086956521739,67.2564828446227,8.341780318932866,9.551244475989767,36.3023738807699,507.09775379312873,2636.9083197242694
1,29,66.5,66.58357904934648,9.420949511671528,10.905175055986343,40.99878184376684,507.0838351891922,2636.8359429837997
6,18,66.3804347826087,66.52512365359769,9.336540140845445,11.260263055736486,40.631442927898455,506.30730850308225,2632.798004216028
8,48,66.34782608695652,66.30040967361815,9.213417381537097,11.041913113293274,40.095628237178396,504.1984959525054,2621.8321789530282
8,9,66.55434782608695,66.18500961562937,9.256725860980405,11.736296303965359,40.284101267256915,503.5791685766625,2618.611676598645
10,31,66.69565217391305,67.08100079805281,7.569811665950475,9.328842794146636,32.94286384893701,502.5098694353067,2613.051321063595
8,43,65.92391304347827,65.8463854046472,9.143630372529126,10.961513817767143,39.79192399226103,500.7166218247914,2603.7264334889155
1,33,66.01086956521739,66.08864505511976,8.680412899736908,11.200472828794455,37.77606008282166,500.39657546866,2602.062192437032
5,45,65.27173913043478,65.68199776842737,8.344760406982285,10.667455664450127,36.31534284739708,496.0893272263886,2579.664501577221
9,2,65.33695652173913,65.71768736296322,8.088062274125582,10.68744404865532,35.198225009576625,495.22203655031916,2575.1545900616597
1,12,66.07608695652173,66.21828855276107,7.090484081813647,9.246096744747726,30.856890770599303,494.3849106399268,2570.801535327619
9,31,65.1304347826087,64.54057009090648,9.553551079199623,12.175774503928348,41.575847110117195,493.3598377464626,2565.4711562816055
9,46,64.73913043478261,65.02897991050945,8.308279577067943,10.91162889363385,36.15658288532695,491.35944225889307,2555.069099746244
4,46,64.8586956521739,64.8913891869077,8.28204987609265,10.283931325173054,36.04243454106706,490.28215884942097,2549.467226016989
6,38,63.77173913043478,64.07295940999593,9.41548147007746,12.289327550491885,40.974985617691104,489.48570148766265,2545.325647735846
9,6,64.48913043478261,65.00240118863809,7.8387766664446525,10.04724886355474,34.11336554467457,489.1301738651412,2543.4769040987344
4,7,63.97826086956522,64.24258931080618,9.060141073188932,11.687967311230691,39.42858911123903,489.1267142868823,2543.458914291788
6,25,64.51086956521739,64.35265500794264,8.695333776051257,10.371252348286657,37.84099385114002,488.3095789067385,2539.2098103150406
4,31,64.55434782608695,64.45370666497556,8.508341987288084,11.376554464569255,37.027229214722084,488.20317586955093,2538.656514521665
6,45,63.07608695652174,64.02646993144796,9.183702915211233,12.077794564236147,39.96631463444773,488.1516041545834,2538.388341603834
5,25,63.358695652173914,64.16798970847255,8.795768192984895,11.694131214486674,38.27807174274391,487.45399970205176,2534.7607984506694
4,14,64.30434782608695,64.60362678526111,8.041485724691961,10.0371629282835,34.99552975185354,487.22091724868136,2533.548769693143
4,2,63.869565217391305,64.52019219342202,8.17050535610753,11.254483803385153,35.557006884855554,487.19835223880966,2533.4314316418104
6,22,64.06521739130434,64.3848983282879,8.38100445115587,11.099133754407516,36.4730723478437,487.167360645859,2533.2702753584667
9,7,64.16304347826087,64.12842345598257,8.64437624345525,10.951390668973689,37.61923310827519,486.5181973001532,2529.8946259607965
9,14,64.42391304347827,64.5909798991011,7.730656929017093,9.938858610035396,33.642842109398096,485.7797014031058,2526.05444729615
5,22,64.71739130434783,64.54284539111552,7.629113672887331,10.237373252040438,33.200938689725575,485.00085642753425,2522.0044534231783
2,26,63.77173913043478,63.60865680764824,8.88543253389444,11.981213232580329,38.66827962439759,483.92887727793527,2516.4301618452637
5,38,63.46739130434783,63.40300365866211,8.902606335208734,11.111936137547964,38.743017837636145,482.5640434482709,2509.3330259310087
7,28,63.82608695652174,64.0471476137413,7.752587365652907,9.857958486559141,33.738280598507544,482.06831389469664,2506.7552322524225
4,6,62.54347826086956,62.96539772494989,9.008705050461435,11.741756693956146,39.204746039783956,479.9625301144332,2495.8051565950527
7,15,62.79347826086956,63.36540946972036,7.788557252768526,9.775541722359664,33.89481700208036,477.4526832901229,2482.753953108639
1,24,61.619565217391305,62.51387379891096,8.40209289611698,11.354327326425663,36.56484659557888,474.1619631879556,2465.6422085773693
8,26,61.94565217391305,62.09885974838909,9.060443960252396,11.519620280674266,39.429907237466416,474.12192547619003,2465.4340124761884
2,20,62.57608695652174,63.12425970444716,7.3304235947358585,10.151660213253875,31.901077212083802,473.7708951432139,2463.6086547447126
1,35,62.83695652173913,62.77458690041954,7.108043911651394,9.768371621662716,30.93330893119336,470.3554172341302,2445.848169617477
5,36,61.5,61.65873079134554,8.788103929806823,11.557818710389686,38.244717837849116,469.8558333772679,2443.250333561793
2,32,60.59782608695652,60.93246997762686,9.822049494015268,12.947536797160044,42.74431828393953,469.27160812732757,2440.2123622621034
6,8,61.83695652173913,61.679266480067554,8.437341038057866,10.817140091727898,36.71824205535098,468.47310741582385,2436.060158562284
1,50,61.54347826086956,62.129252211332584,7.656991148545968,10.533539934119773,33.322257941194586,468.2270234205227,2434.780521786718
3,48,61.380434782608695,61.395906696476324,8.593364285794182,11.843662678312592,37.397235514404365,467.1685823897386,2429.276628426641
6,36,61.880434782608695,61.77139614907626,7.569962967151647,10.335729321071502,32.943522292646094,465.3432953361799,2419.7851357481354
5,8,61.05434782608695,61.3612182943902,8.185031284790668,11.738022131393084,35.62022189098846,465.1487499517199,2418.7734997489433
10,43,60.96739130434783,61.01043633737835,8.561071340499366,10.682057488890083,37.25670069701737,464.32975505866585,2414.5147263050626
10,48,60.76086956521739,61.01279543305713,8.318409531190284,11.762703731691152,36.200667165646536,463.2902351970464,2409.1092230246413
7,18,61.30434782608695,61.372362129973475,7.4981209229583445,10.81798220853403,32.63087479427638,462.23740970409074,2403.634530461272
3,43,60.68478260869565,61.00529389961988,7.9075464195138565,11.478458122105268,34.41264282028686,461.44970011762604,2399.5384406116555
8,20,60.40217391304348,60.92491892973739,7.973236362438091,11.296308040446881,34.698517151313006,461.17294965947474,2398.0993382292686
7,13,60.22826086956522,60.536381001622004,8.251995139678915,11.733143250315765,35.911640125910495,459.66630713726454,2390.264797113776
10,9,59.380434782608695,59.67642119561334,9.512153853258004,12.3682119210458,41.395691613772065,459.1306399830654,2387.4793279119403
7,22,58.891304347826086,59.45124156596534,9.860741402079764,14.707833627991109,42.91270057872734,459.0713915404847,2387.1712360105203
3,9,59.77173913043478,60.0891992678662,7.435617256382507,10.327528187510866,32.35886673530064,452.983261610364,2355.512960373893
7,38,58.56521739130435,58.962132933736704,9.114773837191,13.900803817187919,39.66634399678085,452.4012745329378,2352.4866275712766
7,25,59.19565217391305,59.198602772746696,8.525751756850996,11.730072163014476,37.10299433196168,451.4932137411885,2347.7647114541805
7,45,58.858695652173914,59.340347782819435,8.189643557665775,11.448281862665679,35.640293919734205,451.0227283994702,2345.318187677245
5,10,58.46739130434783,58.613297040984314,7.9849932480523504,11.48409720969492,34.749681631906384,445.0427609187966,2314.2223567777423
3,20,58.09782608695652,58.04457765010537,8.400089178547677,12.555001770415142,36.556126669907,442.86817022064463,2302.914485147352
4,43,57.69565217391305,57.8910259757457,8.167104463544353,11.76484516299203,35.542206630157345,440.7793884603772,2292.0528199939617
7,36,57.18478260869565,57.45551304717001,8.054082724761242,10.801055520532794,35.05035030439833,437.23894163458834,2273.6424964998596
2,39,57.53260869565217,57.92471701712068,6.980896020649714,9.889106304407923,30.3799773759595,435.8529964958043,2266.4355817781825
8,39,57.380434782608695,56.990513670960524,8.311396393109051,12.211313519319889,36.17014687489703,435.1037425716207,2262.539461372428
6,10,58.22826086956522,58.08386227599766,6.3393576438744645,9.292123290610862,27.588083425012503,434.1751193569961,2257.71062065638
4,9,56.5,56.40592497531709,8.779540300815196,12.770314916365798,38.207450006577574,433.04892483379723,2251.8544091357458
9,48,56.91304347826087,56.881207526340184,7.8014050034287585,11.675571123224136,33.950728789512134,432.11918147389343,2247.019743664246
9,43,55.73913043478261,55.9250373984621,8.412550847224994,12.351922432011964,36.61035827733443,428.08562006656916,2226.0452243461596
1,31,56.40217391304348,56.63628922574738,7.254123951162036,10.829220976571346,31.569030804472252,428.023055384704,2225.7198880004607
8,32,55.75,55.90671258315628,8.384104838413968,12.354627710961363,36.48656484142606,427.83355292352,2224.734475202304
6,11,55.81521739130435,55.608616006014564,8.598615983291353,13.113975574833736,37.420090238307644,426.68040228040957,2218.73809185813
1,6,56.28260869565217,56.11433930128147,7.694378521318629,11.281933867832524,33.48496306323339,426.2853381722037,2216.683758495459
1,46,55.869565217391305,56.00435610283999,7.7902736239184796,11.63117136683536,33.90228643244433,425.93277915232426,2214.8504515920863
6,33,56.108695652173914,56.02945132642902,7.5715740262974105,12.040436865354447,32.95053341847505,425.1566927034782,2210.8148020580866
7,8,55.73913043478261,55.80922589113609,7.857635554912862,11.868056636194208,34.19543704427937,424.860018282232,2209.272095067606
4,48,55.93478260869565,56.16372328158014,7.2713200342019775,11.300604344011916,31.643865984965302,424.7899289560263,2208.907630571337
9,9,55.78260869565217,55.62097272075297,7.89738313245863,11.65321415007429,34.3684134792553,423.7152225245261,2203.3191571275356
2,21,55.380434782608695,55.28252855240865,8.373177703908096,12.267896305045024,36.43901133280904,423.41671119966963,2201.766898238282
5,11,55.59782608695652,55.596613921997914,7.858066533147392,12.25382288228878,34.19731260709764,423.373610061083,2201.5427723176317
3,26,55.04347826086956,55.45844403028671,8.066856581951246,11.82992316861091,35.105940516784834,423.31504872879174,2201.238253389717
1,2,56.358695652173914,56.07552901166302,7.00363764686016,10.01509456274773,30.47894605959584,423.007649141237,2199.6397755344324
6,12,55.31521739130435,55.13609174610792,8.402192024460025,12.180225658959658,36.56527798960196,422.5179202123574,2197.0931851042587
10,26,54.55434782608695,55.11026532824541,8.229497477800724,13.542358920205068,35.8137331442208,421.5855904419387,2192.2450702980814
1,14,55.68478260869565,55.87066047322729,6.9347854751528555,9.831988966548833,30.17931010848495,421.273933421076,2190.624453789595
1,7,55.07608695652174,55.10136857920076,7.982842189841953,12.865798577452924,34.74032049838242,420.4499005527877,2186.3394828744963
10,20,54.82608695652174,55.21022186873374,7.459669169618309,11.131777803866623,32.46353762250348,418.9350907036396,2178.462471658926
5,29,54.57608695652174,54.850651911953584,7.954980969035686,11.795831597278385,34.61907198597695,418.57363536965204,2176.582903922191
5,12,55.31521739130435,55.28418993808613,7.01198213492901,10.053371881404289,30.515260217262096,417.504589783865,2171.023866876098
2,30,53.09782608695652,53.74834606151535,8.38569717611931,13.641684206721822,36.49349449391193,412.7319169245194,2146.205968007501
6,29,53.25,54.374863354199576,7.372810092148312,12.341144542098807,32.08553789286567,412.7095813722627,2146.089823135766
2,19,53.25,53.86858738376349,7.517560425514568,11.548120020968963,32.71547305302584,409.79558473937027,2130.9370406447256
5,33,53.67391304347826,54.48888342357909,6.287859794067498,10.443256789424053,27.363971289920055,408.7861552549737,2125.6880073258635
3,32,53.25,53.39991626533192,7.802230229696886,11.67800705822089,33.95432006995544,407.75373392727886,2120.3194164218503
10,39,53.09782608695652,53.446572759073234,7.717307235252178,11.912294949436506,33.58474592900027,407.71075524251296,2120.0959272610676
8,19,52.90217391304348,53.19010199815986,7.902371911664653,12.25148358473814,34.390124015977854,406.72083800309684,2114.9483576161037
4,26,52.82608695652174,53.28607090860954,7.320418576051134,12.17104349328632,31.85753663500188,404.8600329952686,2105.272171575397
8,21,52.72826086956522,52.86393362323755,7.67722892931697,11.962201751432195,33.41033020586434,403.4578655685272,2097.9809009563414
9,20,52.76086956521739,52.76585397752609,7.761181906558779,11.238394053686081,33.77568295452385,403.1366607972065,2096.310636145474
6,24,52.26086956521739,52.70906543314002,7.787929650786413,13.094572522844702,33.892085757557986,402.8555437895381,2094.848827705598
3,39,52.19565217391305,52.61877759256335,7.888751137736942,12.594937331977032,34.33084812896523,402.66229127690866,2093.843914639925
7,10,52.79347826086956,53.099174272029785,7.080342651714808,10.969062707692043,30.8127565482801,402.5069764524886,2093.0362775529406
5,50,52.26086956521739,52.58563781118927,7.771109068039497,12.398664115338168,33.81888470689197,401.9183493852169,2089.975416803128
5,35,52.48913043478261,52.78995594232537,7.127209896621378,11.088166567312124,31.01671687596918,400.54640847224675,2082.8413240556833
9,26,51.880434782608695,52.41360646104523,7.111171638818306,11.037515890617824,30.94692040460421,397.8421656319208,2068.7792612859885
4,20,51.94565217391305,52.38718226227831,7.0504969184158455,11.540952408363063,30.682871688269387,397.3931475242175,2066.444367125931
5,24,51.06521739130435,51.369051283027275,8.061895649465342,13.261342618360233,35.08435116546953,394.66771014666045,2052.2720927626347
10,32,51.641304347826086,52.04782693656208,6.964640004842398,11.282975269806013,30.309233249275948,394.6440218052105,2052.1489133870946
6,35,51.56521739130435,51.643557690232704,6.867717037224386,11.224887353572235,29.88743674138698,391.39234057301593,2035.240170979683
6,50,51.28260869565217,51.52033575505157,7.017526109508828,12.091110718620385,30.539386894096925,391.1817371794579,2034.1450333331811
7,11,51.119565217391305,51.16075171041631,7.54658248218555,11.82026647972178,32.84177337643134,390.96703534934545,2033.0285838165964
7,12,51.02173913043478,51.036149098370835,6.9059901330921445,11.20136896663388,30.053996418415693,387.3070401070115,2013.99660855646
7,29,50.69565217391305,50.42085805783067,7.5890236878920305,12.57740604454584,33.02647214079588,385.97247854561056,2007.056888437175
2,3,50.69565217391305,50.51040171738564,7.233413425919865,11.964503781952304,31.478901215599958,385.0517132372994,2002.2689088339569
8,30,50.33695652173913,50.924046107426925,6.415296862382652,10.956835624860899,27.91856130828172,384.3868840602702,1998.811797113405
7,33,49.94565217391305,49.92253534964572,7.500843689207361,13.092446938038245,32.642723928943404,382.1004713764634,1986.9224511576099
9,39,49.5,49.68697663721123,7.458764152009951,12.902139168582684,32.459599100229916,380.26843556070855,1977.3958649156846
4,39,48.84782608695652,49.04684582214886,8.055242545789099,13.541069304494371,35.05539769895659,378.38331845399864,1967.593255960793
2,42,49.46739130434783,49.28130826684605,6.898352297549443,11.201974684980907,30.02075752325063,374.98991539117293,1949.9475600340993
3,30,48.858695652173914,49.03084898943669,7.090821480593569,12.598778071150212,30.858359087455817,374.0743020135127,1945.186370470266
1,43,48.05434782608695,48.543714282608306,7.608536218970455,13.727142529001187,33.11138821044607,372.9173881887042,1939.1704185812619
4,32,48.90217391304348,48.99741686038425,6.551141076971029,10.791411971051097,28.50973816489758,371.4916561875873,1931.756612175454
7,24,48.31521739130435,48.16416833799948,7.576004567705007,12.765490858328205,32.96981457483777,370.1189929408341,1924.6187632923375
9,32,48.76086956521739,48.57971761291392,6.822512874243753,12.859996889980382,29.690713936092568,369.74873722649,1922.693433577748
3,21,48.15217391304348,48.52831674486864,6.638985476309938,12.038335328138077,28.892025890803634,368.5902431048841,1916.6692641453974
1,9,47.03260869565217,47.68898270917141,7.810110393033875,14.040045027029755,33.9886135450607,367.8114925092606,1912.619761048155
7,35,48.22826086956522,48.02224337148568,7.2049609044608145,12.562442723824745,31.355079437470316,367.51078303787006,1911.0560717969242
1,48,48.31521739130435,48.52825396116805,6.333903185881827,11.449529287690547,27.56434631305377,367.2621240412301,1909.7630450143965
5,31,46.92391304347826,47.26355643140045,8.331452397212896,15.037286838488853,36.25742807048061,367.1023230902838,1908.9320800694757
6,14,47.09782608695652,47.622699721604725,7.644892251104722,13.429745264822978,33.26960506834678,366.6285031195799,1906.4682162218155
7,50,47.92391304347826,47.814163424967646,6.966930561512725,11.709281588382087,30.319201462470513,365.018345437244,1898.095396273669
8,42,47.26086956521739,47.23196877584092,7.78540465771603,14.092618618730015,33.88109730677376,364.5048787376602,1895.425369435833
10,21,47.57608695652174,47.63207722479871,7.117418992717621,12.953118752348278,30.97410809935849,364.39864867294943,1894.872973099337
6,2,47.58695652173913,47.706788930002965,6.8778224887760615,12.6519740346846,29.931414389615178,363.8789368996359,1892.1704718781068
10,30,47.08695652173913,47.46712398781579,7.1339947370289885,12.265055594930287,31.04624364409078,363.3161115588013,1889.243780105767
10,19,46.76086956521739,47.39777237861399,7.004840907319835,12.500542925761492,30.484182497072375,362.26858914737034,1883.7966635663258
8,3,47.52173913043478,47.321106341959066,7.1221709565549025,11.764366173890279,30.994788045520263,362.2425324392337,1883.6611686840151
5,7,47.119565217391305,47.39083880472008,6.840543476050299,12.323512505665791,29.769180836808104,361.5050524698487,1879.8262728432132
6,6,46.891304347826086,47.15047224552512,7.184533182049429,12.619379780238754,31.26618057078264,361.3194862894585,1878.8613287051842
5,46,46.47826086956522,46.672462491407366,7.877194164890301,14.278056279038145,34.28055364347555,360.9877910833271,1877.136513633301
5,14,46.91304347826087,46.86992215604341,7.265510891936506,12.956112582038179,31.61858533186909,359.70804042417296,1870.4818102056995
5,6,46.51086956521739,46.951850911038306,6.898763268433279,12.846479457806824,30.02254601660681,358.6855023938749,1865.1646124481497
6,46,46.97826086956522,46.788927459918185,7.018773102635315,11.821349789642323,30.544813650613367,358.0673058700407,1861.9499905242117
3,19,46.22826086956522,46.60144185301455,7.019530341281463,13.100690938741613,30.54810905751674,356.7582020286186,1855.1426505488168
6,31,45.96739130434783,46.75104750179672,6.717311015975269,12.673411932080816,29.23288874221323,356.49022125479024,1853.7491505249093
5,2,45.77173913043478,46.02858834453726,7.653015857863798,13.46048590894862,33.30495797846345,355.5050763902243,1848.6263972291665
6,7,45.97826086956522,46.29300556143726,7.057217816255733,13.173421850587234,30.712120186416033,354.76315911647686,1844.7684274056796
1,26,46.29347826086956,45.88432781527806,7.073961014459465,13.52238885581373,30.784984469328425,351.97527917627485,1830.2714517166294
9,30,44.608695652173914,44.63171480063757,7.638599989179966,14.954580495730593,33.24222193954034,345.66422554400333,1797.4539728288173
1,20,45.45652173913044,45.02718125488819,6.861067642482746,13.311581576317254,29.858499415688776,345.0487681999061,1794.2535946395117
4,19,44.98913043478261,45.04738750235605,6.553786266226542,12.07390023381771,28.521249694291498,343.85296221078386,1788.035403496076
9,19,44.70652173913044,44.736749914503406,6.9521056793165155,12.773225289489025,30.254685448424482,343.4119348499483,1785.742061219731
3,42,44.09782608695652,44.36903274010486,7.510889189661952,14.817809828470123,32.686440677572506,343.26966985830654,1785.0022832631942
3,3,43.619565217391305,43.82510760434461,8.254288581131075,16.125517948405065,35.921620893311065,342.6973741237233,1782.0263454433612
2,17,44.52173913043478,44.502974339911674,7.1201763384787595,14.174091064527486,30.986107719692797,342.50692809907446,1781.0360261151873
9,21,43.93478260869565,44.12734152205376,7.191976559335144,13.608680678936013,31.29857320818504,340.18996386256134,1768.987812085319
7,46,43.40217391304348,43.81241279001431,7.235400912399039,13.766980648695041,31.487550505618565,338.1744400357187,1758.5070881857373
10,3,43.08695652173913,43.346071556900235,7.45714070514808,14.580464449886154,32.45253406462577,335.8750349629274,1746.5501818072223
4,30,43.47826086956522,43.61948209717559,6.952344035416809,13.398368894460752,30.255722744054285,335.59209742428345,1745.078906606274
7,31,43.90217391304348,43.846935659752816,6.547197032777826,12.301354005874783,28.49257418293812,335.42112380120784,1744.1898437662808
4,21,42.82608695652174,43.035229029795936,7.488252356143574,15.20741505260585,32.587928038490446,333.83453124706205,1735.9395624847227
7,14,43.51086956521739,43.380274994244346,6.350205239983862,12.285854447220526,27.635290792578534,331.29721575228893,1722.7455219119024
7,7,43.52173913043478,43.16654678659675,5.62135884284511,11.302315134023344,24.463443369249617,326.6292708754268,1698.4722085522194
1,39,41.52173913043478,41.9279998598771,7.491685725122483,15.47217000552516,32.60286962644621,326.09886864558587,1695.7141169570466
7,6,42.5,42.64402502341752,6.316787953039545,12.649333099322195,27.489862982404706,325.99803814632736,1695.1897983609024
7,2,41.77173913043478,42.284365549196416,6.638820814692747,13.304955659357057,28.891309304252257,324.8818681486272,1689.3857143728615
1,32,41.891304347826086,42.07873208257053,6.927952026727019,13.947901887167719,30.149571804410144,324.70069638240386,1688.4436211885002
10,42,42.07608695652174,42.25814987032182,6.486933438294212,13.161224368079809,28.23031463465226,324.037363726905,1684.9942913799061
6,43,41.91304347826087,42.003531018178094,6.650064222411491,13.581974101330287,28.940239193927418,322.9649563211741,1679.4177728701054
5,48,41.59782608695652,41.43657575180424,7.044066206204316,13.616524592062186,30.6548860413095,320.7109163039392,1667.6967647804838
5,9,40.65217391304348,40.806254728585365,7.803436258491977,17.04697923221688,33.9595685548779,319.6033516549754,1661.9374286058724
6,48,41.09782608695652,41.453150254576144,6.2211297915303945,12.657482758041386,27.07357075088062,317.2456225329136,1649.6772371711509
5,43,41.22826086956522,41.458265247251276,6.161469885664484,12.315295996016031,26.813938379176918,317.02179510993585,1648.5133345716665
8,17,41.141304347826086,41.29644047652262,6.102662310757181,12.827598882621366,26.558015244104546,315.6330985797629,1641.292112614767
9,42,39.55434782608695,40.118403954170304,7.385884452509114,15.467314056966256,32.14243585707992,312.9712635362721,1627.450570388615
6,9,40.58695652173913,40.868163223214744,6.152516507118159,12.992840598092577,26.774974407092078,312.8521169695953,1626.8310082418955
4,42,40.119565217391305,40.539638330756055,6.504680975882784,13.841245476669858,28.307549675659157,312.08501799095154,1622.842093552948
2,44,39.71739130434783,40.127090870336794,6.791262151048228,14.671394993356,29.55471473758652,310.444350829944,1614.310624315709
9,3,40.75,40.420600317206365,5.982218766640785,12.261401391458573,26.033860159354276,308.9780623797988,1606.6859243749539
3,17,39.84782608695652,39.91543311182721,6.712010981469518,14.809036608897822,29.20982366175648,308.617855444547,1604.8128483116443
2,37,39.09782608695652,39.37979026454687,7.034853611750561,15.24445518638062,30.614793994350048,306.2733258461782,1592.6212944001265
2,40,39.18478260869565,39.43043181917146,6.935311162739036,15.250371330651523,30.181597834434136,306.1946205686343,1592.2120269568986
2,23,39.97826086956522,39.84079226541508,6.235465952261889,13.059460137266116,27.135959910867047,306.0215057687726,1591.3118299976177
2,49,39.619565217391305,39.68046962920608,5.966431012773586,12.251425212809306,25.965153849464546,303.72844125390714,1579.387894520317
4,3,39.369565217391305,39.328086304030094,6.454792689376516,13.54930827835527,28.090442156666956,303.3870462848776,1577.6126406813637
6,20,39.43478260869565,39.17916474145799,6.103452264103201,13.166009877991314,26.561453021247935,300.8156062114538,1564.2411522995599
1,19,38.65217391304348,39.11844848809108,5.998681944098176,13.469144078800696,26.105505827362002,299.93464524399957,1559.6601552687978
10,17,39.16304347826087,39.21543903257146,5.805118150916478,11.72516596412015,25.263140658153024,299.77121388615325,1558.810312207997
6,26,38.43478260869565,38.405233651530864,6.943729441405753,15.682779240909131,30.21823311945813,299.0548686801742,1555.0853171369058
7,48,38.19565217391305,38.39580719760268,6.420778013415245,14.732859703827698,27.942414584977406,296.7130649681962,1542.9079378346203
5,26,37.71739130434783,38.184549761751775,6.759017435160656,15.617970066728786,29.414389808485584,296.706238140748,1542.8724383318895
1,30,38.27173913043478,38.508048114238825,6.228514119022271,13.092950183510949,27.105706411041766,296.66204321071353,1542.6426246957105
5,20,37.91304347826087,37.85177628398973,7.178144379957805,16.76906041869837,31.238377311368826,296.2008112992969,1540.244218756344
1,21,38.28260869565217,38.46320878876566,5.909048699971114,13.340835383311418,25.715433274976306,294.95789479633595,1533.781052940947
8,37,38.141304347826086,38.4597881183301,5.9120203833703675,13.335250724018806,25.72836566562799,294.9468824939387,1533.7237889684811
8,40,37.83695652173913,38.149009215344776,6.188576104539006,14.154218667337792,26.931901218577458,293.9749657259909,1528.6698217751527
8,49,37.79347826086956,37.873995786878055,6.3591709986276905,14.262978671244715,27.674308641283357,292.79227914942976,1522.5198515770348
8,44,38.09782608695652,38.35975961742659,5.526058208722546,12.157197953846193,24.048707051734805,292.567024373721,1521.348526743349
7,9,37.97826086956522,38.08665968950223,5.825012407475811,12.98154245659577,25.349717948861304,291.95633577537694,1518.1729460319602
8,23,36.96739130434783,36.95080067889448,7.451655199191959,17.717727320164492,32.42866183585317,291.08426658811453,1513.6381862581957
7,43,37.21739130434783,37.235876994579044,6.769937390210135,15.933504577765001,29.461912073015576,290.1130510350689,1508.5878653823584
9,17,35.32608695652174,35.532015752264286,7.189146119700088,17.670571539559898,31.286255492547582,280.0103657583976,1456.0539019436676
2,34,35.92391304347826,36.08703291993297,6.13086099031048,15.214455713044561,26.680732334335815,279.28996277386665,1452.3078064241067
4,17,34.94565217391305,35.730758154548234,5.9934519718878025,14.475302799733942,26.082745649161662,276.1980527309993,1436.2298742011963
5,32,35.52173913043478,35.5339858139816,6.2155821579484725,15.781276450645198,27.049428150530986,275.78732884840224,1434.0941100116918
2,16,34.20652173913044,35.0187025966034,6.656423871180464,16.2526321950575,28.96791558176487,274.09883375798864,1425.313935541541
6,32,34.70652173913044,34.904384170113055,6.7746364035186595,16.363242593416068,29.482361585167027,273.8130507759584,1423.8278640349838
3,40,34.46739130434783,34.600859421453954,6.989970097735757,18.412342728137784,30.419466612837724,272.6254825630154,1417.65250932768
3,23,35.01086956521739,34.99125690612323,6.317516505026888,15.952327089272597,27.493033548593804,272.43183189145645,1416.6455258355736
3,44,34.858695652173914,35.11486338374065,5.900469929865298,14.036286908129082,25.67809955148904,271.4821432376736,1411.7071448359027
5,39,34.26086956521739,34.713218438210504,6.505633709831209,16.48870048758015,28.311695853415262,271.30422492088877,1410.7819695886217
7,26,35.19565217391305,35.12298607564783,5.570485319074433,12.905938061639105,24.24204822217727,270.1029507517121,1404.535343908903
1,42,34.119565217391305,34.71213167937225,6.211328818289946,15.692115145229321,27.030918153789006,270.01583990939474,1404.0823675288527
3,37,34.84782608695652,34.77098121484847,5.956637491508322,15.268330197556068,25.922533682427304,269.3194021863666,1400.4608913691063
7,20,34.26086956521739,34.43297910045991,6.435642111660556,14.58921030728412,28.007101262313785,269.0379549655332,1398.9973658207725
10,23,34.619565217391305,34.626621367671575,5.909295813336895,14.265479997916637,25.716508681118942,268.10285825482,1394.134862925064
10,37,34.29347826086956,34.4564142862061,5.686073697654285,13.772521641286092,24.745074240011146,265.93997424345383,1382.88786606596
10,44,34.82608695652174,34.91643761722577,4.8395238036882295,12.322657923919268,21.060996071501755,265.4760593920821,1380.475508838827
1,3,34.01086956521739,34.15687020304257,5.858925327990176,14.731400164406333,25.49730269370373,264.59539411500174,1375.8960493980092
6,39,35.06521739130435,34.72848536531178,4.909034517273595,11.661900241757007,21.363497913652623,264.4628954708351,1375.2070564483427
10,40,34.29347826086956,33.88964973196607,5.934860037927895,15.089087098332424,25.827760956243967,263.05530908000645,1367.8876072160335
9,37,33.54347826086956,33.32419115258228,6.715869474136877,18.063084993538506,29.226615334285754,262.4959534023617,1364.9789576922808
3,49,34.05434782608695,33.97809371602369,5.347339589848947,12.571447673054049,23.270946205278687,261.1176022174445,1357.8115315307116
9,23,32.83695652173913,32.90570577827513,6.795339710481984,17.99680823475669,29.57245976100188,259.9124002089278,1351.5444810864246
10,49,33.08695652173913,33.11169402373039,6.381748944411388,16.180899804270666,27.77256500838515,259.55442317449786,1349.683000507389
8,34,33.369565217391305,33.08608176153971,5.93352107026063,15.563758933131451,25.821933938147964,257.42450626892594,1338.607432598415
9,40,32.81521739130435,32.818466301414226,6.316074427335563,16.63393784559159,27.48675780870207,257.21602191860165,1337.5233139767286
8,16,33.23913043478261,33.33368543291675,5.462913362935561,14.192740626790833,23.773908661851536,257.1097066922688,1336.9704747997978
4,23,32.369565217391305,32.44154312441098,6.649016500571643,18.591028780626463,28.93567964087051,256.02648151174736,1331.3377038610863
4,37,32.41304347826087,32.61514429868164,6.135545690744769,16.55970180912634,26.70111955866717,255.00712964943867,1326.0370741770812
4,44,32.46739130434783,32.48920141045205,6.265606429189587,17.331481439400953,27.267127457906213,254.69153733107055,1324.395994121567
9,49,32.48913043478261,32.450642119999806,5.873518161661702,15.040288119798358,25.560808861891985,252.71530370189063,1314.1195792498313
7,32,32.28260869565217,32.0643609687434,5.869817199115935,15.708021406078993,25.544702740546377,249.99522952175016,1299.975193513101
4,40,32.27173913043478,32.0397011184653,5.789241544870452,14.48679737445094,25.194047674808402,249.47195550406553,1297.2541686211407
5,30,31.695652173913043,31.68592491433926,6.27923319399224,16.750809384146013,27.326429416449578,249.12790381682439,1295.465099847487
6,19,32.07608695652174,31.807728100194996,6.032992833166497,15.940119505886672,26.25482248106395,248.90891918242892,1294.3263797486304
9,44,31.83695652173913,31.990482693861306,5.589246117312845,15.09920857679393,24.323692845496684,248.25707170252582,1290.9367728531342
7,39,31.652173913043477,31.724975992867115,5.914677931836371,16.994686685765693,25.739930980744255,247.81476293081406,1288.6367672402332
6,30,32.141304347826086,32.18300435474082,5.1373733488095255,13.972756051752501,22.35719965560594,247.63823013879164,1287.7187967217167
5,21,31.41304347826087,31.85262060386597,5.653264100441141,15.569059912489074,24.60229101875971,247.57063524582148,1287.3673032782717
6,21,31.641304347826086,31.425706074215025,5.871463447008354,16.76649103591525,25.551867003354328,245.5318095228595,1276.7654095188695
5,19,31.630434782608695,31.98897696579253,4.897203454022919,13.222434132657435,21.31201062135864,245.23484938190637,1275.2212167859132
4,49,31.206521739130434,31.591099130339458,5.181618243860139,14.4996752967927,22.549747848081985,243.6874417604582,1267.1746971543828
3,34,30.891304347826086,30.71702934277678,5.837245924754281,15.425884658239607,25.40295667023016,240.42216206966762,1250.1952427622716
1,17,30.847826086956523,30.725345289193633,5.27446689184972,15.649402467676385,22.953813431778986,238.03123045613444,1237.762398371899
3,16,30.369565217391305,30.425389228210282,5.292751466184068,13.93957695727282,23.033385588843558,236.01111018631553,1227.2577729688408
7,19,30.07608695652174,30.024846958576127,5.670017988344068,16.575578210267302,24.675201821892248,234.84913053192514,1221.2154787660108
2,47,29.434782608695652,29.259850659028565,6.258982987126134,18.167599755375466,27.238303074984096,232.05725768818405,1206.6977399785571
2,1,29.293478260869566,29.316675765571677,5.942944555283715,17.841496187172478,25.862943754217014,231.07967411321874,1201.6143053887374
2,41,29.76086956521739,29.609064317727963,5.433476986913964,15.568579015705925,23.64580527298554,230.9092554970813,1200.7281285848228
7,21,29.847826086956523,29.679213638137497,5.289735046637701,15.686165747182221,23.02025851213249,230.77475397909498,1200.028720691294
6,3,29.380434782608695,29.051169414472813,6.154513547341935,18.64810073514642,26.78366527379998,230.14185117510968,1196.7376261105703
10,16,29.369565217391305,29.46093002345708,5.476336487249444,15.733131412299214,23.832324402719788,230.05883456691936,1196.3059397479808
5,3,29.706521739130434,29.40614904546812,5.467109701002759,15.277015077970715,23.792170594870772,229.63521391314762,1194.1031123483676
5,42,29.16304347826087,29.387155808904403,5.401638320301411,15.461705969601622,23.50724741902111,229.21733808135193,1191.9301580230301
2,27,29.391304347826086,29.483686244552267,5.188159178687883,15.784379792604847,22.57821316993991,228.96401688180578,1190.61288778539
2,4,29.597826086956523,29.307113631450004,5.272533632572203,15.057225821656187,22.945400131689844,228.09519555183988,1186.0950168695674
1,44,28.847826086956523,28.512763092803883,6.425971676003274,18.981173010254498,27.96501674828939,227.5543583979166,1183.2826636691664
6,42,28.641304347826086,28.750148928825805,6.025322732487798,18.50751716382882,26.221443172104046,227.47248567388468,1182.8569255042003
8,41,28.815217391304348,28.774845425908524,5.892755306339438,17.842962332852018,25.644526484724203,227.06844446608386,1180.755911223636
8,1,29.032608695652176,28.86746774796584,5.726692375561544,15.739173972505847,24.921841593688058,226.99411582944896,1180.3694023131345
1,37,28.141304347826086,28.36558111589943,6.481476530921197,20.07068857294951,28.20656686329962,226.76563467459565,1179.1813003078973
4,34,28.717391304347824,28.570104851057614,6.118395621807774,17.154472344884404,26.6264846257358,226.6172185831391,1178.4095366323234
10,34,29.33695652173913,29.48376860661632,4.508052566285526,13.205674673126055,19.618475131025377,226.00485537733962,1175.2252479621661
7,30,28.869565217391305,29.10937811201221,4.986379845229049,15.192641769787041,21.700095007560375,225.46574179164583,1172.4218573165583
9,34,28.391304347826086,28.54863675095397,5.480507161082732,16.7513011059894,23.850474648235977,223.69093190491378,1163.1928459055516
1,23,28.467391304347824,28.537338399024808,5.448927678831842,15.268424024022817,23.713044731862965,223.47441352503662,1162.0669503301906
8,47,28.27173913043478,28.122003199194488,5.903415643354347,16.768435742290603,25.690918924373076,222.5449413187345,1157.2336948574193
4,16,27.91304347826087,28.09785060316412,5.543136414215569,16.783735258416552,24.123029244038673,220.8079834661875,1148.201514024175
9,16,27.98913043478261,28.016957582154316,5.426586096776597,16.57117214818132,23.61581698984049,219.7345200649207,1142.6195043375876
7,3,27.804347826086957,27.646464751856524,5.841858665208193,18.638314553646136,25.423030733819775,218.94828399681546,1138.5310767834405
1,49,28.32608695652174,28.133411435061536,4.8340087855154055,14.475534577212189,21.036995409291233,217.97087545472198,1133.4485523645544
7,42,27.467391304347824,27.376024734828835,5.739475704436894,18.19651050655474,24.977473025652348,216.6096461694542,1126.3701600811619
1,40,27.554347826086957,27.621884808143935,5.182760175949697,16.060418559268737,22.554717392241223,215.90791104924878,1122.7211374560936
8,4,27.358695652173914,27.827625494058235,4.656267319117172,14.394501538318877,20.263487006934934,215.05686546534258,1118.2957004197815
5,17,26.67391304347826,26.63946633235143,5.995577116326347,17.171960135014498,26.09199400922499,212.56825833568502,1105.354943345562
8,27,26.75,26.94665052732436,4.861412746303495,15.57523308708125,21.156253983876958,209.78280767514747,1090.870599910767
6,17,26.293478260869566,26.24740242677257,5.387182570343987,17.49024906543551,23.444337821834733,207.17615480924272,1077.3160050080621
3,1,26.858695652173914,26.509324937210874,4.878799840810285,14.98309256161155,21.231920422137527,206.79719498261366,1075.3454139095911
10,4,25.945652173913043,25.86736193541262,5.880069179861722,19.127690766813053,25.589318065311918,206.66085161320026,1074.6364283886414
10,27,26.554347826086957,26.363276294650905,4.942768715901575,15.713729936644521,21.5103048834288,206.05323894598513,1071.4768425191228
3,47,26.42391304347826,26.30608591965726,4.893788729452209,15.674592399850928,21.29715017151145,205.43975160911228,1068.2867083673839
3,4,25.793478260869566,25.76926670047558,5.665382454976843,19.05320448523085,24.655028566424008,205.03989546975305,1066.207456442716
3,41,25.782608695652176,25.924730630463223,5.14055157139701,16.782781188001287,22.371030878706517,203.84414529194908,1059.9895555181351
10,47,25.66304347826087,25.75384579423727,5.362318501039828,17.605005293538078,23.336132534046428,203.61305309370732,1058.7878760872782
3,27,25.554347826086957,25.58411603754921,5.341692582744347,17.3498251112749,23.246371143915194,202.33518340675965,1052.1429537151503
10,41,25.706521739130434,25.703124186385793,4.972309763455993,16.428034631140125,21.638863789579336,201.5607330942799,1048.1158120902555
9,4,24.597826086956523,24.670426956956668,5.674385935858225,19.879026973050895,24.694210577540083,197.38719927623674,1026.4134362364312
10,1,25.47826086956522,25.439633040299544,4.126356116641324,14.131187499679683,17.957380413331002,196.0348116954278,1019.3810208162246
2,5,24.73913043478261,24.627535090134735,5.007262181663395,15.994436534635321,21.790972297030955,194.1837179279741,1009.7553332254654
4,4,24.967391304347824,24.5288616763389,5.156689091726513,18.989687199480127,22.441259328043706,194.143291062416,1009.5451135245632
1,34,24.66304347826087,24.686795560801496,4.8880493315676246,17.583888471708622,21.27217303714797,194.07974196275845,1009.214658206344
8,5,24.77173913043478,24.67610047172041,4.8106744951344,16.052393949970227,20.935447526073652,193.66815082811652,1007.074384306206
9,27,24.445652173913043,24.565784377849422,4.978987492746344,17.45610590781257,21.667924423653183,193.62841506859914,1006.8677583567155
7,17,23.945652173913043,24.149024432326897,5.5791972345984835,20.172875096442013,24.279961377700435,193.32313240398872,1005.2802885007414
1,16,23.934782608695652,23.759852486023238,6.016791755928597,22.64409332244169,26.184317440092464,192.5032848422551,1001.0170811797266
4,27,24.032608695652176,24.098669008554804,5.418625551769877,18.914938655843354,23.581173703865584,192.2718567637492,999.813655171496
6,40,24.304347826086957,24.25244156682111,5.16536404698589,19.633766401078162,22.47901163716531,192.24610260491306,999.679733545548
9,41,23.717391304347824,23.877256041693585,5.738454026872642,22.250701645271754,24.973026813991883,192.11381910584697,998.9918593504043
9,47,24.304347826086957,24.166196563784617,5.113922009106434,19.60073015134879,22.25514238852899,191.4185183350213,995.3762953421108
4,1,24.065217391304348,23.99988053253182,5.1049900137871145,18.99217726043316,22.216271473546097,190.21543520126883,989.120263046598
5,23,23.641304347826086,23.857947348126448,5.2749007158554315,21.438574149148085,22.95570137903385,189.96133281591898,987.7989306427787
4,47,24.141304347826086,24.100207434966638,4.822106759364533,17.300821625711418,20.985199295422465,189.68665134018892,986.3705869689824
4,41,24.097826086956523,24.06353540752294,4.87750030880805,17.732054157620457,21.226265023072642,189.67101287573323,986.2892669538128
6,44,24.02173913043478,23.910130623165543,5.086547806899809,18.340418685597964,22.136013319529503,189.5069276816883,985.4360239447792
9,1,23.619565217391305,23.76363296316175,4.608280565692743,15.349854798157354,20.054654719637206,186.40008546176946,969.2804444012013
6,23,22.92391304347826,23.16395658644084,5.339607302124985,21.00953293022395,23.237296266155756,185.38499237124165,964.0019603304567
6,49,22.97826086956522,23.294876739046252,5.007377342169577,19.26304582800123,21.791473461002177,184.85561063432593,961.2491752984948
5,44,22.869565217391305,23.190238173314786,5.127265772932625,19.45678197663994,22.313212762582793,184.6448799757863,960.1533758740887
5,40,23.07608695652174,23.229798403172687,5.05706419936825,18.739932945054353,22.007704385100332,184.61629320730916,960.0047246780076
5,49,23.369565217391305,23.831394385627924,4.0553839669578355,14.438310726715901,17.648518585948146,184.4682792853436,959.2350522837868
6,37,23.554347826086957,23.651088438668697,4.2570359023866615,16.10631468713248,18.526082328199102,184.08370139887998,957.2352472741759
5,37,22.47826086956522,22.641140982535934,5.074435758869314,20.587435055070372,22.083303216978987,180.5712900947305,938.9707084925986
3,5,22.532608695652176,22.424874689937702,4.500379799453097,17.446651472449215,19.58508421930134,176.55920704886526,918.1078766540994
10,5,21.52173913043478,21.581377017004623,5.491344441678445,21.486075131610892,23.897637123989917,174.96727624302227,909.8298364637159
7,23,21.315217391304348,21.808499237290118,4.71648799537153,21.307277935875568,20.525559780510225,173.18505444154107,900.5622830960136
7,40,21.641304347826086,21.771970534864128,4.684569110483808,18.346911945060725,20.386652826748634,172.79044657079754,898.5103221681472
7,44,21.130434782608695,21.446125439083406,4.587243915547059,17.34797045197908,19.963105876393957,170.08598394997782,884.4471165398846
7,49,20.706521739130434,21.124907201503966,5.021090535243605,22.72427689492594,21.85115154446149,169.72550195498926,882.5726101659442
1,41,20.652173913043477,20.790483209009338,5.534278380000088,23.103797503927947,24.08448019843396,169.61786266149934,882.0128858397966
5,34,20.684782608695652,21.09889175146329,5.026375789151779,21.31478530859823,21.87415230162527,169.5663945618683,881.7452517217151
1,47,20.847826086956523,21.082978390062966,4.418921310344586,17.19669643878188,19.23058716779446,166.8114358982352,867.4194666708231
7,37,20.391304347826086,20.712861570977715,4.419796561521625,20.170686945261764,19.234396150320208,164.22442714716422,853.967021165254
1,1,20.22826086956522,20.54557657122643,4.685182479756183,23.04707508347955,20.389322132316682,164.2083581309017,853.8834622806888
1,27,20.717391304347824,20.8598835533675,4.142939659767968,16.804186652376057,18.029549897521918,164.04873477109442,853.053420809691
5,16,20.25,20.632223375025127,4.500259226882111,21.061677778165667,19.584559502707954,164.01012312788384,852.852640264996
6,34,20.282608695652176,20.707510681084184,4.051739117441933,17.577772565658194,17.632656661418064,162.58523142900734,845.4432034308381
1,4,20.41304347826087,20.450673377533533,4.2755633907254476,18.403046298248707,18.606711616316375,161.76142525905112,841.1594113470659
6,16,20.456521739130434,20.480189448858052,3.8933525488697676,16.01097517860204,16.943378328716236,160.30470447072258,833.5844632477574
4,5,19.358695652173914,19.74343315972092,5.008178713198896,21.98908280548315,21.794960926460547,159.99899304450696,831.9947638314362
9,5,20.07608695652174,20.056748872602743,4.2294867965698595,19.783218649676765,18.406192100788942,158.80343420900812,825.7778578868422
7,34,18.315217391304348,18.59511528269427,4.026979314390938,19.7437477469798,17.524905127188447,147.69071210604832,767.9917029514513
7,16,18.27173913043478,18.281963384464127,4.529056545770658,21.154590826162416,19.70988179568216,147.68362548693105,767.9548525320415
6,27,18.206521739130434,18.31964451140635,4.081932280955595,19.292122522215447,17.764053493821866,146.0015650736663,759.2081383830648
5,1,18.065217391304348,18.140235414965478,4.293922264424149,23.227227294370408,18.686607114826135,145.66825501958448,757.4749261018393
5,47,17.82608695652174,17.915376359895614,4.633668381182882,22.329315820824576,20.165139284646337,145.57277380391562,756.9784237803613
6,4,17.434782608695652,17.915976741423798,4.5988855764256416,24.690982395976008,20.01376891349747,145.42560610346405,756.213151738013
5,27,17.22826086956522,17.66122755441161,4.67426589617532,27.257757744013247,20.34181453999209,143.97040742087336,748.6461185885415
5,4,17.619565217391305,18.023851046053547,3.9118957225429343,20.67038193267328,17.024075877426732,143.19103319980155,744.593372638968
5,41,17.195652173913043,17.63004858065013,4.4738314167648845,27.053658479946513,19.469549012495445,142.87988907704636,742.9754232006411
6,1,17.16304347826087,17.579717042310346,4.070611086320893,23.041683284898063,17.714785085317615,140.77280438149003,732.0185827837482
1,5,17.130434782608695,17.40152586815374,4.318732577955991,23.526565839467843,18.7945784642859,140.60525954136207,731.1473496150828
6,41,17.01086956521739,17.261029818841447,3.925141539654924,22.72698106047254,17.081719999756878,137.908928731647,717.1264294045644
6,47,16.815217391304348,16.982130179786797,3.9313727262646454,18.797133581617075,17.108837336509747,135.98374859501732,707.1154926940901
7,47,15.967391304347826,16.536554871547622,3.854182150844989,23.535832620972855,16.772913706083262,132.52879780691663,689.1497485959665
7,4,15.967391304347826,16.361102974262568,4.114759331696991,24.93939442252145,17.906912670622823,132.4346334904608,688.6600941503963
7,1,15.597826086956522,15.92987827503117,4.1294238262176215,23.211376635741985,17.970730697771316,129.4798786229895,673.2953688395454
7,41,15.152173913043478,15.843526561688693,4.225632926528396,28.423009593577763,18.38942054534345,129.2941064771643,672.3293536812544
7,27,15.043478260869565,15.791195322401835,4.116723066869532,28.539562636629963,17.915458597956174,128.45382585476904,667.959894444799
6,5,14.793478260869565,15.146239470816964,4.344350623286286,28.601540032481015,18.90606496046755,124.92974125618629,649.6346545321687
5,5,14.923913043478262,15.239865427149313,3.9697814796852415,22.936275142576747,17.27598737806672,123.95504536811191,644.5662359141819
7,5,13.326086956521738,14.04422776742008,4.2535979258609125,30.64513905283436,18.5111206887817,116.82071506072226,607.4677183157557
