store,item,mean_sales,sales_std,mape,rmse,cv,difficulty_score
7,5,13.326086956521738,4.619853705052978,30.64513905283436,4.29093899509843,0.3466774395308923,1.0
7,41,15.152173913043478,5.186488749803614,28.423009593577763,4.259090917632657,0.3422933751663791,0.996
7,27,15.043478260869565,5.025021006961197,28.539562636629963,4.162004162429885,0.3340331883240102,0.995
6,5,14.793478260869565,4.8437975372572915,28.601540032481015,4.33505217374547,0.32742790112246206,0.994
7,4,15.967391304347826,5.407465508888029,24.93939442252145,4.11123071257938,0.3386567915709317,0.992
6,4,17.434782608695652,5.713497317805735,24.690982395976008,4.5990659668334715,0.32770682870207457,0.989
5,41,17.195652173913043,5.588919828081317,27.053658479946513,4.4706052850642415,0.32501935789094893,0.989
7,47,15.967391304347826,5.0371173662802216,23.535832620972855,3.8752035907458553,0.31546276221768577,0.983
5,27,17.22826086956522,5.33926623939613,27.257757744013247,4.668911573210975,0.3099132454412895,0.983
7,1,15.597826086956522,4.932644750350276,23.211376635741985,4.120321641808954,0.31623924531862396,0.981
1,5,17.130434782608695,5.38662852272679,23.526565839467843,4.303743520779142,0.31444785792567553,0.981
1,41,20.652173913043477,6.467900083172699,23.103797503927947,5.50585606668804,0.3131825303430991,0.977
1,16,23.934782608695652,7.629906956968868,22.64409332244169,5.986558772813671,0.31877903725755485,0.975
6,1,17.16304347826087,5.287923570778662,23.041683284898063,4.069813772431461,0.3080994100770341,0.972
5,47,17.82608695652174,5.530353198291225,22.329315820824576,4.609281517211484,0.31023932575780044,0.969
5,5,14.923913043478262,4.55065191719564,22.936275142576747,3.9607695759156196,0.30492350792570927,0.968
9,41,23.717391304347824,7.246562029803629,22.250701645271754,5.709420123830627,0.3055379040980449,0.964
6,41,17.01086956521739,5.115145718262924,22.72698106047254,3.9117581387303386,0.30069866203206963,0.962
7,23,21.315217391304348,6.529610236632165,21.307277935875568,4.716650262259296,0.30633561538508886,0.96
4,5,19.358695652173914,5.826392248349681,21.98908280548315,4.995722983209963,0.30097029020110644,0.958
7,16,18.27173913043478,5.529348789965176,21.154590826162416,4.5043864587028475,0.30261754234193705,0.955
1,1,20.22826086956522,5.8555942273500365,23.04707508347955,4.670441842588122,0.2894759102182715,0.954
5,37,22.47826086956522,6.802517731813624,20.587435055070372,5.049409668812416,0.30262651418126374,0.952
5,1,18.065217391304348,5.111513287089236,23.227227294370408,4.271180819230681,0.2829477872516304,0.95
5,16,20.25,6.019428252211044,21.061677778165667,4.492025574506345,0.29725571615857005,0.947
1,37,28.141304347826086,8.371303050511159,20.07068857294951,6.450055245988924,0.2974738820575615,0.9430000000000001
5,44,22.869565217391305,6.917436785184136,19.45678197663994,5.109396934529009,0.30247347159550403,0.9410000000000001
7,34,18.315217391304348,5.481095077530129,19.7437477469798,4.014802391842504,0.2992645383577281,0.9410000000000001
7,17,23.945652173913043,7.018600296315909,20.172875096442013,5.552518374534002,0.2931054140994388,0.941
5,34,20.684782608695652,5.933568775514458,21.31478530859823,5.016106690461545,0.28685671431809256,0.9390000000000001
6,27,18.206521739130434,5.41576462284613,19.292122522215447,4.061263024229853,0.2974628927175188,0.935
9,5,20.07608695652174,5.782188824031179,19.783218649676765,4.206482101460763,0.2880137367682017,0.93
6,49,22.97826086956522,6.6794391106063795,19.26304582800123,4.99014346974606,0.2906851457785179,0.927
1,44,28.847826086956523,8.451457748773997,18.981173010254498,6.399729761258873,0.2929668850366269,0.925
10,5,21.52173913043478,5.951227153663011,21.486075131610892,5.461744244856212,0.27652166572575604,0.9239999999999999
5,40,23.07608695652174,6.831140228945701,18.739932945054353,5.031853373236257,0.2960268021964223,0.9239999999999999
9,4,24.597826086956523,6.91877487504975,19.879026973050895,5.643929592652057,0.28127586765557977,0.922
10,4,25.945652173913043,7.37736980801972,19.127690766813053,5.848548998060028,0.28433934743938594,0.92
9,47,24.304347826086957,6.8399908913807055,19.60073015134879,5.087928956002967,0.28143075223927766,0.919
7,3,27.804347826086957,8.033226508783615,18.638314553646136,5.812167468225424,0.2889197962502317,0.915
4,27,24.032608695652176,6.804089085598359,18.914938655843354,5.389500910557946,0.2831190392921976,0.914
4,1,24.065217391304348,6.736491322404942,18.99217726043316,5.077590082249876,0.27992646868168686,0.91
7,49,20.706521739130434,5.624784329888922,22.72427689492594,5.011223417831417,0.27164312774266713,0.9099999999999999
6,23,22.92391304347826,6.272622697790691,21.00953293022395,5.315930817357989,0.2736279223313151,0.9079999999999999
2,1,29.293478260869566,8.581270229853152,17.841496187172478,5.910603217451567,0.2929413213901632,0.907
7,37,20.391304347826086,5.554834587183485,20.170686945261764,4.407455963072199,0.27241193071475517,0.897
6,40,24.304347826086957,6.646058288849598,19.633766401078162,5.137476937476517,0.27345141438916054,0.897
5,4,17.619565217391305,4.741313378815992,20.67038193267328,3.9115264283688562,0.269093664929717,0.895
9,23,32.83695652173913,9.15108493407292,17.99680823475669,6.7586572795023825,0.2786824938545874,0.891
5,17,26.67391304347826,7.794205646676587,17.171960135014498,5.963002923958586,0.29220330867736183,0.891
7,40,21.641304347826086,5.98639762476058,18.346911945060725,4.660871887733863,0.27661907658361296,0.891
1,4,20.41304347826087,5.600534067769136,18.403046298248707,4.252429641694284,0.27436056136036235,0.887
1,47,20.847826086956523,5.998048735110656,17.19669643878188,4.401126402879067,0.28770619584472384,0.887
7,42,27.467391304347824,7.529358052341722,18.19651050655474,5.708928843913781,0.2741198816048431,0.883
5,23,23.641304347826086,6.238099037259844,21.438574149148085,5.2506257428285,0.26386441904731295,0.883
6,42,28.641304347826086,7.834246489624937,18.50751716382882,5.9934753599648305,0.27352966870796747,0.882
8,47,28.27173913043478,7.960207712886527,16.768435742290603,5.873153269061687,0.28156059576530584,0.872
9,37,33.54347826086956,9.158450182578653,18.063084993538506,6.682869195644589,0.2730322154236021,0.872
7,39,31.652173913043477,8.811125313380993,16.994686685765693,5.882895602414108,0.2783734645711028,0.87
6,3,29.380434782608695,7.802285367233366,18.64810073514642,6.129823398234473,0.26556058223657775,0.865
5,39,34.26086956521739,9.679330606699457,16.48870048758015,6.485973629785761,0.2825185329366593,0.865
3,27,25.554347826086957,6.996646183118984,17.3498251112749,5.312665724768275,0.2737947464257535,0.865
4,23,32.369565217391305,8.598130887230182,18.591028780626463,6.613173524522222,0.2656239226410936,0.864
7,19,30.07608695652174,8.454446382863106,16.575578210267302,5.63935126969893,0.2811019397265651,0.864
5,9,40.65217391304348,11.176343523837685,17.04697923221688,7.762439770585957,0.2749260973778254,0.863
8,41,28.815217391304348,7.704614498312441,17.842962332852018,5.8607810120305,0.26738005803272147,0.858
3,40,34.46739130434783,9.126041818541578,18.412342728137784,6.953158433825594,0.26477320949411076,0.857
6,44,24.02173913043478,6.372982569590017,18.340418685597964,5.0600590047246685,0.26530063185623604,0.856
2,16,34.20652173913044,9.520986701427164,16.2526321950575,6.66978320737354,0.27833834653044137,0.853
6,16,20.456521739130434,5.723314653755797,16.01097517860204,3.8722075423787663,0.2797794623515055,0.8500000000000001
4,16,27.91304347826087,7.632567833589991,16.783735258416552,5.516025089854325,0.27344090369559154,0.85
3,4,25.793478260869566,6.690222558229516,19.05320448523085,5.634560224760735,0.25937651721749494,0.849
10,49,33.08695652173913,9.121466257099653,16.180899804270666,6.34701896947159,0.27568163457725625,0.8460000000000001
1,40,27.554347826086957,7.6105250002077005,16.060418559268737,5.154958473255854,0.27620051282805064,0.8440000000000001
6,32,34.70652173913044,9.503658108280343,16.363242593416068,6.740621755781834,0.27382917192664935,0.8440000000000001
10,47,25.66304347826087,6.789256499961145,17.605005293538078,5.333868792172249,0.26455383227294593,0.842
9,17,35.32608695652174,9.339869278860474,17.670571539559898,7.1529328199108875,0.2643901457400503,0.842
9,34,28.391304347826086,7.724595400676768,16.7513011059894,5.452910637020625,0.2720761014020914,0.84
1,34,24.66304347826087,6.491375806885683,17.583888471708622,4.861469286337683,0.26320254483626393,0.835
3,41,25.782608695652176,6.883370767285716,16.782781188001287,5.114512479397639,0.26697728102457247,0.833
6,34,20.282608695652176,5.327362679593302,17.577772565658194,4.051998319191522,0.26265668088026994,0.8320000000000001
1,27,20.717391304347824,5.4979038702106635,16.804186652376057,4.122825293679017,0.26537626236064066,0.832
5,30,31.695652173913043,8.492710682392898,16.750809384146013,6.245021260375483,0.26794560451994054,0.832
4,4,24.967391304347824,6.34268824859181,18.989687199480127,5.147301546063143,0.2540388850110782,0.831
2,47,29.434782608695652,7.608994602003642,18.167599755375466,6.2273313254699945,0.25850350937383126,0.829
4,34,28.717391304347824,7.5815364022620555,17.154472344884404,6.086834864268755,0.2640050526147272,0.828
9,27,24.445652173913043,6.3581117703513925,17.45610590781257,4.953310835986602,0.26009172204194225,0.8240000000000001
3,34,30.891304347826086,8.576041918232297,15.425884658239607,5.808050299828338,0.2776199354248316,0.8220000000000001
6,47,16.815217391304348,4.208649773888848,18.797133581617075,3.9135092621454275,0.2502881572060595,0.8180000000000001
1,23,28.467391304347824,7.878822758824983,15.268424024022817,5.4196844205703,0.2767665879388692,0.8180000000000001
8,23,36.96739130434783,9.442074514739947,17.717727320164492,7.4110649918170415,0.25541630560308,0.8160000000000001
2,5,24.73913043478261,6.609798861825435,15.994436534635321,4.9812246491805166,0.26717991884355885,0.815
8,1,29.032608695652176,7.815806872995743,15.739173972505847,5.697877643924222,0.2692078743225789,0.815
7,32,32.28260869565217,8.679046495150175,15.708021406078993,5.8419070367661705,0.2688458846982546,0.81
8,5,24.77173913043478,6.556773631800305,16.052393949970227,4.785413876528947,0.26468765867732696,0.808
2,41,29.76086956521739,8.113710503625695,15.568579015705925,5.405998371251567,0.27263015570984805,0.808
4,37,32.41304347826087,8.50100469034935,16.55970180912634,6.105455080643296,0.26227110379347424,0.8069999999999999
5,21,31.41304347826087,8.52166234352136,15.569059912489074,5.639613312147105,0.27127783238891523,0.8049999999999999
6,17,26.293478260869566,6.604257773269146,17.49024906543551,5.358022524778101,0.2511747478878716,0.8
5,20,37.91304347826087,9.691564445675544,16.76906041869837,7.139289028702931,0.25562612643410265,0.798
9,16,27.98913043478261,7.240749407540618,16.57117214818132,5.397084938622949,0.2586986196092182,0.7969999999999999
5,3,29.706521739130434,7.98424003068884,15.277015077970715,5.445606363613809,0.26877061208319547,0.7929999999999999
5,26,37.71739130434783,10.005851131022652,15.617970066728786,6.738396326535628,0.26528481384843916,0.7929999999999999
7,44,21.130434782608695,5.294030208909164,17.34797045197908,4.573154400529649,0.25054052428993984,0.7929999999999999
4,47,24.141304347826086,6.028470040336406,17.300821625711418,4.796004135529202,0.24971600347183673,0.786
7,21,29.847826086956523,7.824917627777927,15.686165747182221,5.263609264601385,0.262160386655342,0.784
7,43,37.21739130434783,9.64174313609013,15.933504577765001,6.733069100116345,0.2590655281893376,0.784
10,41,25.706521739130434,6.549117956680215,16.428034631140125,4.945213672914369,0.2547648422894629,0.784
1,42,34.119565217391305,8.935473681835614,15.692115145229321,6.205834858511917,0.26188709102544644,0.784
9,40,32.81521739130435,8.266082357116899,16.63393784559159,6.281654987132565,0.25189783930266796,0.7809999999999999
6,21,31.641304347826086,7.930441449042051,16.76649103591525,5.843444817191072,0.2506357311274025,0.7809999999999999
10,3,43.08695652173913,11.754496146004753,14.580464449886154,7.421027086350016,0.27280868956418697,0.78
8,4,27.358695652173914,7.490039571689549,14.394501538318877,4.654574029770214,0.2737718079441552,0.78
4,41,24.097826086956523,5.9541467360182905,17.732054157620457,4.851040924989027,0.24708231831920735,0.778
8,16,33.23913043478261,9.10182878039546,14.192740626790833,5.433965221862043,0.273828727206142,0.778
9,49,32.48913043478261,8.675460611285418,15.040288119798358,5.841636443792714,0.2670265561185207,0.778
9,1,23.619565217391305,6.231508718423482,15.349854798157354,4.585430894217217,0.26382825683155103,0.777
10,16,29.369565217391305,7.585001671610715,15.733131412299214,5.447258737020437,0.25826060465884004,0.776
4,44,32.46739130434783,8.04445216918723,17.331481439400953,6.231499348373475,0.2477702040727235,0.7749999999999999
6,19,32.07608695652174,8.18230964417961,15.940119505886672,6.0061135027689785,0.25509064292257677,0.774
3,23,35.01086956521739,8.89436735603598,15.952327089272597,6.283118976234473,0.25404588536333755,0.772
2,40,39.18478260869565,10.292352167460798,15.250371330651523,6.901889178419567,0.26266196932216185,0.77
1,39,41.52173913043478,10.774897833196125,15.47217000552516,7.461926331566517,0.2595001572392784,0.77
9,42,39.55434782608695,10.2618081332386,15.467314056966256,7.367258626272124,0.2594356549211188,0.768
6,26,38.43478260869565,9.81846695563086,15.682779240909131,6.905951889104424,0.2554578506555541,0.766
5,32,35.52173913043478,9.021924773157773,15.781276450645198,6.181721654477926,0.25398319434838285,0.765
3,37,34.84782608695652,8.979751070497622,15.268330197556068,5.924674382025828,0.25768468449338156,0.755
7,20,34.26086956521739,9.034572869142998,14.58921030728412,6.402883801806938,0.26369946191661037,0.754
7,30,28.869565217391305,7.433540548326354,15.192641769787041,4.965000854995463,0.25748709730648517,0.749
2,27,29.391304347826086,7.298888251545733,15.784379792604847,5.160712551424121,0.24833495530407082,0.746
7,22,58.891304347826086,15.24413525977916,14.707833627991109,9.822975973728125,0.2588520568290297,0.742
7,48,38.19565217391305,9.729573283206816,14.732859703827698,6.388923179460518,0.2547298639883401,0.732
3,44,34.858695652173914,9.067005177861402,14.036286908129082,5.873903085573486,0.26010741389561864,0.7290000000000001
5,31,46.92391304347826,11.735391850401301,15.037286838488853,8.293007082533505,0.2500940584287514,0.723
6,37,23.554347826086957,5.707839472000513,16.10631468713248,4.234941712031903,0.2423263642935151,0.7210000000000001
8,34,33.369565217391305,8.247167201036593,15.563758933131451,5.907990685538665,0.24714637866298583,0.721
9,30,44.608695652173914,11.132524887369126,14.954580495730593,7.597007305789209,0.24955952476558468,0.718
5,49,23.369565217391305,5.933176217563993,14.438310726715901,4.059638274324395,0.25388474977483133,0.717
1,26,46.29347826086956,12.068065245007748,13.52238885581373,7.047297739527199,0.26068607714034114,0.714
10,1,25.47826086956522,6.471371036807766,14.131187499679683,4.104050783873101,0.2539957915470625,0.7110000000000001
1,17,30.847826086956523,7.499354965095249,15.649402467676385,5.247152677776376,0.2431080538367734,0.708
8,40,37.83695652173913,9.498730017962028,14.154218667337792,6.162756146578903,0.25104371205185483,0.706
2,34,35.92391304347826,8.807132094423205,15.214455713044561,6.099631568136955,0.2451607118568638,0.702
8,27,26.75,6.476712298520152,15.57523308708125,4.838917364018331,0.242120085925987,0.7
3,5,22.532608695652176,5.286206573064504,17.446651472449215,4.477150779658686,0.2346025107196982,0.6970000000000001
1,43,48.05434782608695,12.119699820780186,13.727142529001187,7.582879777059245,0.2522081844631932,0.6970000000000001
1,49,28.32608695652174,7.022896142910965,14.475534577212189,4.811524571053663,0.2479303319830425,0.697
8,42,47.26086956521739,11.7836444344958,14.092618618730015,7.743031004658046,0.2493319429562129,0.694
8,49,37.79347826086956,9.381461780095377,14.262978671244715,6.3250283720743266,0.2482296473306801,0.692
5,42,29.16304347826087,7.041910913720097,15.461705969601622,5.376873999325625,0.2414669415066153,0.69
4,21,42.82608695652174,10.380252485497891,15.20741505260585,7.450380164076401,0.24238153011822486,0.687
10,27,26.554347826086957,6.3373376918501565,15.713729936644521,4.919544386215627,0.23865536948432844,0.6859999999999999
2,23,39.97826086956522,10.231365544160376,13.059460137266116,6.203008407725707,0.2559232273145064,0.681
4,49,31.206521739130434,7.612219851361117,14.4996752967927,5.167710190829167,0.24393041669286758,0.6799999999999999
4,17,34.94565217391305,8.53610834770982,14.475302799733942,6.012271385832593,0.24426810823928566,0.679
3,16,30.369565217391305,7.51513840879808,13.93957695727282,5.264203919119926,0.2474562396597793,0.675
6,43,41.91304347826087,10.404618769294363,13.581974101330287,6.614442797763075,0.24824297893544642,0.6739999999999999
3,47,26.42391304347826,6.265611176966448,15.674592399850928,4.868545400296299,0.2371189750230001,0.673
2,30,53.09782608695652,13.14672882273962,13.641684206721822,8.365330025859945,0.24759448345794166,0.671
3,3,43.619565217391305,10.226922443532548,16.125517948405065,8.21187850148804,0.23445723020308856,0.669
4,42,40.119565217391305,9.880430643397919,13.841245476669858,6.482857025088199,0.2462746191256051,0.668
5,19,31.630434782608695,7.890343787415853,13.222434132657435,4.883694678650627,0.24945416784957336,0.667
7,46,43.40217391304348,10.723354181061952,13.766980648695041,7.207654917105257,0.24706951782061096,0.667
7,9,37.97826086956522,9.492597764932611,12.98154245659577,5.794282279880814,0.24994819529874077,0.657
10,26,54.55434782608695,13.332900833087313,13.542358920205068,8.20350752650674,0.2443966679904429,0.654
4,40,32.27173913043478,7.723381456202487,14.48679737445094,5.762366039459231,0.2393233728429198,0.6539999999999999
2,17,44.52173913043478,10.697106788542635,14.174091064527486,7.081398860887012,0.24026704700828186,0.651
3,1,26.858695652173914,6.374022694731162,14.98309256161155,4.8647736756020485,0.23731691133762317,0.6499999999999999
6,30,32.141304347826086,7.765210556274543,13.972756051752501,5.109546719146947,0.2415959997217646,0.649
1,21,38.28260869565217,9.385897870433562,13.340835383311418,5.8796208961913505,0.24517393642245533,0.649
5,2,45.77173913043478,11.160274191036317,13.46048590894862,7.615642288075698,0.24382456081105228,0.646
9,39,49.5,12.294464045001964,12.902139168582684,7.42047267013514,0.2483730110101407,0.645
6,24,52.26086956521739,12.915506963130325,13.094572522844702,7.7584449834718985,0.2471353245856884,0.643
1,3,34.01086956521739,8.044511561836064,14.731400164406333,5.8288251436105565,0.23652766496929303,0.6399999999999999
2,44,39.71739130434783,9.383555977893096,14.671394993356,6.766666645779677,0.2362581143859236,0.6359999999999999
1,19,38.65217391304348,9.343781833841845,13.469144078800696,5.9841845392175905,0.24174013743347858,0.634
8,32,55.75,13.952529409504107,12.354627710961363,8.33988705570757,0.25026958582070147,0.63
5,13,67.67391304347827,16.810585816944005,12.50718045148867,9.82311500752133,0.24840570111770774,0.627
9,44,31.83695652173913,7.441016670925423,15.09920857679393,5.56090647210608,0.23372261308471798,0.626
2,37,39.09782608695652,9.097831866588793,15.24445518638062,7.002195614662606,0.23269405941789517,0.622
5,7,47.119565217391305,11.708776074873246,12.323512505665791,6.808671269840065,0.24849074945521074,0.62
5,46,46.47826086956522,10.933845287288642,14.278056279038145,7.836672994138125,0.23524643742529353,0.619
3,17,39.84782608695652,9.313743575920123,14.809036608897822,6.675775336912206,0.23373279023040133,0.619
1,30,38.27173913043478,9.252386993314557,13.092950183510949,6.199076700189237,0.24175507054386233,0.618
2,32,60.59782608695652,14.73954073762935,12.947536797160044,9.774253269048442,0.24323547046850227,0.618
6,7,45.97826086956522,11.042354284797211,13.173421850587234,7.025812137173574,0.24016467948022302,0.617
10,42,42.07608695652174,10.094317513249198,13.161224368079809,6.454150425359694,0.23990628034588637,0.613
1,32,41.891304347826086,9.881113655413023,13.947901887167719,6.892745979927768,0.2358750535282818,0.613
1,9,47.03260869565217,11.0686678739828,14.040045027029755,7.7952313222311,0.23534029221317718,0.613
9,32,48.76086956521739,11.838073764102768,12.859996889980382,6.787750419267857,0.24277815120317758,0.611
10,30,47.08695652173913,11.693571234565987,12.265055594930287,7.105294775906575,0.24833992464913912,0.61
6,11,55.81521739130435,13.369581143484705,13.113975574833736,8.554251963039675,0.23953290461550006,0.61
6,2,47.58695652173913,11.581675725622496,12.6519740346846,6.841390448860444,0.24337920665995194,0.6080000000000001
6,6,46.891304347826086,11.41760403046385,12.619379780238754,7.150078676161389,0.24349086017679053,0.607
4,39,48.84782608695652,11.556773174687656,13.541069304494371,8.013816106090255,0.23658725680268455,0.606
6,20,39.43478260869565,9.429092632078106,13.166009877991314,6.075570391552867,0.23910598736250988,0.606
6,13,68.33695652173913,16.92860066000086,12.254664548777898,9.795210577818276,0.24772248460634314,0.602
7,38,58.56521739130435,13.744372952750865,13.900803817187919,9.073786989590042,0.23468491307592418,0.599
3,42,44.09782608695652,10.180847978034025,14.817809828470123,7.474879244804145,0.23086961153047333,0.599
6,38,63.77173913043478,15.6521973044896,12.289327550491885,9.369014034446437,0.24544096676547525,0.597
4,30,43.47826086956522,10.265142404786204,13.398368894460752,6.915898324520863,0.23609827531008268,0.597
7,2,41.77173913043478,9.853992620687402,13.304955659357057,6.622511839923211,0.23590094225949546,0.592
5,24,51.06521739130435,12.04095971844573,13.261342618360233,8.023715985742355,0.235795720327162,0.589
2,4,29.597826086956523,6.756453622414604,15.057225821656187,5.251852525978259,0.22827533355201746,0.589
9,21,43.93478260869565,10.221507542223812,13.608680678936013,7.155374389046471,0.23265182926387698,0.575
10,40,34.29347826086956,7.760902354183468,15.089087098332424,5.916315339602624,0.2263084046227826,0.575
5,11,55.59782608695652,13.477747050298852,12.25382288228878,7.8152430574754,0.24241500070918756,0.575
4,3,39.369565217391305,9.16001510544408,13.54930827835527,6.419750447490262,0.23266741847069447,0.5740000000000001
5,6,46.51086956521739,10.966977971572371,12.846479457806824,6.875324332302891,0.23579387085409165,0.5660000000000001
10,9,59.380434782608695,14.184686365281905,12.3682119210458,9.464945271016761,0.23887811561521788,0.5660000000000001
10,23,34.619565217391305,7.879368512801969,14.265479997916637,5.8770965625209834,0.22759871371358906,0.5660000000000001
5,25,63.358695652173914,15.693199704371937,11.694131214486674,8.78519010678068,0.24768817512475866,0.564
9,3,40.75,9.763832115640742,12.261401391458573,5.9587294811730125,0.2396032421016133,0.563
10,39,53.09782608695652,12.894380565472085,11.912294949436506,7.683169811106066,0.24284196766088675,0.559
10,37,34.29347826086956,7.836990400529011,13.772521641286092,5.65743348277638,0.22852713687754964,0.558
10,34,29.33695652173913,6.810265641513478,13.205674673126055,4.485888382152802,0.2321394735158355,0.5569999999999999
10,17,39.16304347826087,9.604574429724144,11.72516596412015,5.77372013951949,0.24524586387305614,0.556
10,19,46.76086956521739,11.059648033285798,12.500542925761492,6.9957198143143655,0.2365150207025322,0.5549999999999999
2,49,39.619565217391305,9.479697671379334,12.251425212809306,5.934228706801596,0.23926808937363478,0.5549999999999999
7,33,49.94565217391305,11.633944395919976,13.092446938038245,7.460002669453131,0.2329320749563956,0.5549999999999999
7,31,43.90217391304348,10.448260576207076,12.301354005874783,6.511751512585763,0.2379895947043949,0.554
7,50,47.92391304347826,11.692238146371988,11.709281588382087,6.929832476408381,0.2439750304981227,0.55
6,14,47.09782608695652,10.780588765149515,13.429745264822978,7.621325664881852,0.22889779976777183,0.546
6,45,63.07608695652174,15.09183149675418,12.077794564236147,9.182967034893723,0.23926391482015932,0.546
8,37,38.141304347826086,8.742446060179368,13.335250724018806,5.888421184399165,0.22921203691550354,0.545
6,31,45.96739130434783,10.72990182247366,12.673411932080816,6.726509116482945,0.2334242061167124,0.541
8,44,38.09782608695652,9.071219774054759,12.157197953846193,5.502181487064383,0.23810334357005358,0.54
10,44,34.82608695652174,8.192208433952501,12.322657923919268,4.813998120384654,0.23523195253546506,0.537
3,39,52.19565217391305,12.191907900378588,12.594937331977032,7.857161737056123,0.2335809093783486,0.537
4,20,51.94565217391305,12.639867270859304,11.540952408363063,7.025961492171249,0.2433286856913697,0.534
6,29,53.25,12.499340641950534,12.341144542098807,7.418409184055736,0.2347294017267706,0.534
5,14,46.91304347826087,10.81477639332637,12.956112582038179,7.2260451964409755,0.23052813442679013,0.534
10,21,47.57608695652174,10.964712325818669,12.953118752348278,7.078853110759842,0.23046688004919294,0.532
8,3,47.52173913043478,11.321940443392496,11.764366173890279,7.086198592030953,0.23824760310889972,0.522
3,49,34.05434782608695,7.889851779878808,12.571447673054049,5.318745208070023,0.23168412503953092,0.521
4,9,56.5,12.957665642433396,12.770314916365798,8.732201804407035,0.22933921491032558,0.5189999999999999
5,29,54.57608695652174,12.951501839726676,11.795831597278385,7.916392064934436,0.23731092795356584,0.518
7,25,59.19565217391305,14.132993998095913,11.730072163014476,8.479290061881997,0.2387505412825604,0.518
8,19,52.90217391304348,12.386681772454606,12.25148358473814,7.864579291738962,0.2341431524688358,0.518
1,48,48.31521739130435,11.661837213962858,11.449529287690547,6.302987017959795,0.24136985909664407,0.516
1,46,55.869565217391305,13.364885425855668,11.63117136683536,7.748991908453755,0.23921584808924543,0.513
3,24,79.3695652173913,17.98578033654313,12.985548081019624,12.766012992622725,0.22660802396082827,0.512
3,19,46.22826086956522,10.453563734171524,13.100690938741613,6.991243480844232,0.2261292883949636,0.512
6,9,40.58695652173913,9.1785130998089,12.992840598092577,6.1254457743078765,0.22614440417311696,0.508
5,48,41.59782608695652,9.271319100296987,13.616524592062186,7.007534149644905,0.22287989475498374,0.505
5,43,41.22826086956522,9.515866750806847,12.315295996016031,6.132207117461439,0.23080931744640915,0.502
4,19,44.98913043478261,10.490701864469004,12.07390023381771,6.518330883006178,0.2331830325032975,0.499
7,26,35.19565217391305,7.9451957014808885,12.905938061639105,5.54060476027464,0.22574367033237852,0.496
1,7,55.07608695652174,12.443484279065276,12.865798577452924,7.9393788914209615,0.22593261371107268,0.496
4,50,71.08695652173913,17.14748703205726,11.147168374453338,9.227926481940093,0.24121847201059143,0.495
4,26,52.82608695652174,12.226442875953287,12.17104349328632,7.295041423006113,0.23144706678759308,0.492
1,24,61.619565217391305,14.597035971372609,11.354327326425663,8.404023686519388,0.23688962945251016,0.487
2,3,50.69565217391305,11.753642531437158,11.964503781952304,7.196378755882294,0.23184715113469523,0.486
10,32,51.641304347826086,12.256042709429721,11.282975269806013,6.938604297324102,0.23733023137603332,0.486
9,29,78.20652173913044,17.721619033692903,12.419955490284382,11.102665026653552,0.22660027117439152,0.484
6,48,41.09782608695652,9.253522979377175,12.657482758041386,6.197421421758195,0.22515845387535047,0.48200000000000004
2,21,55.380434782608695,12.590631779227582,12.267896305045024,8.32812248552748,0.22734801250028217,0.48
9,19,44.70652173913044,10.015963130876763,12.773225289489025,6.914285339511564,0.22403807635318798,0.479
9,9,55.78260869565217,13.05931193764659,11.65321415007429,7.856008293537351,0.23411081415890225,0.477
7,36,57.18478260869565,13.722468419080487,10.801055520532794,8.014764740751902,0.2399671344906681,0.474
8,17,41.141304347826086,9.186207436760267,12.827598882621366,6.07138739113431,0.22328430229377663,0.472
4,7,63.97826086956522,14.895960261326678,11.687967311230691,9.01464280833993,0.2328284648389491,0.471
4,43,57.69565217391305,13.338154089492678,11.76484516299203,8.12494608600394,0.23118126907183992,0.47
1,20,45.45652173913044,9.97845265755581,13.311581576317254,6.837170893319205,0.21951641427430282,0.46599999999999997
5,50,52.26086956521739,11.71443137895521,12.398664115338168,7.735579877269475,0.2241530130748501,0.465
7,29,50.69565217391305,11.337712165706657,12.57740604454584,7.552666974172561,0.2236426928055344,0.464
1,11,66.6086956521739,15.64858349221897,11.260338133800403,8.94996352905319,0.23493304198501067,0.463
10,46,68.16304347826087,16.28676883200287,10.795903396528306,8.97762698861077,0.23893840416907414,0.46299999999999997
7,35,48.22826086956522,10.782671548989937,12.562442723824745,7.1686574633298035,0.22357579051320128,0.461
7,7,43.52173913043478,10.184537149138796,11.302315134023344,5.601996261180842,0.23401034408610621,0.461
8,9,66.55434782608695,15.29300934201082,11.736296303965359,9.213685702828759,0.2297822733080182,0.45799999999999996
1,36,72.0,16.664102366833557,11.596747732492668,9.440680235202182,0.23144586620602162,0.45499999999999996
3,30,48.858695652173914,10.861345434779587,12.598778071150212,7.054280050251576,0.22230117463842536,0.453
5,10,58.46739130434783,13.556111380380662,11.48409720969492,7.942818196557289,0.23185764026678207,0.453
7,28,63.82608695652174,15.794427098726022,9.857958486559141,7.713506947410533,0.2474603700754077,0.45299999999999996
9,48,56.91304347826087,13.093620772008244,11.675571123224136,7.758955531923299,0.2300636193706567,0.45199999999999996
5,8,61.05434782608695,13.938928120641592,11.738022131393084,8.146207887896642,0.2283036117320681,0.451
6,22,64.06521739130434,15.057256545516399,11.099133754407516,8.341459094208219,0.23503013270911244,0.451
7,14,43.51086956521739,9.742277375763654,12.285854447220526,6.3169490385714475,0.22390445130408598,0.449
8,7,77.06521739130434,17.47639182957379,11.826073951790146,11.211265749656953,0.22677405477020995,0.448
2,9,68.06521739130434,16.19171158735375,10.538396940291287,8.493031986683723,0.23788525487648438,0.44799999999999995
8,30,50.33695652173913,11.834274281860656,10.956835624860899,6.407289584550419,0.23510110860098907,0.44500000000000006
1,31,56.40217391304348,13.269861566399253,10.829220976571346,7.218389197134221,0.23527216498530185,0.44400000000000006
9,20,52.76086956521739,12.27019041669365,11.238394053686081,7.718887931751903,0.2325623235137651,0.44
7,24,48.31521739130435,10.61300192416508,12.765490858328205,7.536232025599745,0.21966168211995213,0.43999999999999995
3,21,48.15217391304348,10.817095527993157,12.038335328138077,6.61351065887707,0.22464397033304073,0.439
9,33,76.78260869565217,17.31659058831848,11.939631081360039,10.398090111116867,0.22552751049338904,0.438
3,26,55.04347826086956,12.42464145322836,11.82992316861091,8.033619589773405,0.22572413382642362,0.436
8,48,66.34782608695652,15.47165773355805,11.041913113293274,9.163330329610005,0.2331901231139156,0.435
3,32,53.25,12.091796328980184,11.67800705822089,7.761158990288314,0.2270759873986889,0.435
8,43,65.92391304347827,15.393186515898343,10.961513817767143,9.09413142148777,0.23349928433019743,0.433
6,33,56.108695652173914,12.548329884704398,12.040436865354447,7.530728682812074,0.22364322925083388,0.431
4,48,55.93478260869565,12.803505999775517,11.300604344011916,7.235317006619184,0.22890061251056115,0.42800000000000005
6,15,68.31521739130434,15.193209405525016,12.183073357572118,9.230104663647003,0.2223986102320289,0.426
6,46,46.97826086956522,10.5278054243075,11.821349789642323,6.983090555290773,0.2240995138908584,0.42500000000000004
10,48,60.76086956521739,13.6787069349179,11.762703731691152,8.276912106582161,0.22512362039578654,0.42500000000000004
5,33,53.67391304347826,12.622245055223482,10.443256789424053,6.306473304881676,0.23516535947358452,0.42300000000000004
7,8,55.73913043478261,12.450225793634036,11.868056636194208,7.8151286903329,0.2233659853772097,0.42100000000000004
7,6,42.5,9.248106429289871,12.649333099322195,6.28401447519612,0.2176025042185852,0.42000000000000004
7,45,58.858695652173914,13.360250640653398,11.448281862665679,8.159241741359649,0.22698856120777702,0.42000000000000004
9,31,65.1304347826087,14.336012742298617,12.175774503928348,9.51977991781671,0.22011234517547942,0.40900000000000003
7,10,52.79347826086956,12.106249447324336,10.969062707692043,7.048389688657516,0.22931335168907535,0.408
9,38,89.52173913043478,21.422735309735298,9.775353186306932,10.234646712681602,0.23930204571341032,0.40700000000000003
8,35,85.06521739130434,19.3384001905598,11.178093593610887,10.855076544950702,0.2273361637530669,0.405
3,48,61.380434782608695,13.574250341597473,11.843662678312592,8.546547618567057,0.22114946545545733,0.4
3,20,58.09782608695652,12.551484989512172,12.555001770415142,8.354481479839253,0.21604052741536386,0.399
5,45,65.27173913043478,15.01362257672192,10.667455664450127,8.309418507979258,0.23001719851097696,0.396
7,11,51.119565217391305,11.2531728285842,11.82026647972178,7.505569391329856,0.2201343610949918,0.392
9,26,51.880434782608695,11.751869050602682,11.037515890617824,7.09248712780396,0.2265183223665298,0.39
6,39,35.06521739130435,7.782488581658837,11.661900241757007,4.893880549068375,0.2219432577534448,0.388
6,8,61.83695652173913,14.048798137100196,10.817140091727898,8.39284215660776,0.22719097004978345,0.386
10,12,82.96739130434783,18.908949614865076,10.607176480032782,10.63776155899376,0.22790820969050005,0.383
2,26,63.77173913043478,13.850142428648041,11.981213232580329,8.838514868397915,0.21718307541087775,0.377
8,39,57.380434782608695,12.361622987529183,12.211313519319889,8.27529373565923,0.21543271734280825,0.371
1,50,61.54347826086956,13.931080788818122,10.533539934119773,7.6377593081908195,0.2263616094262217,0.367
1,10,70.1304347826087,15.703444985870822,11.005849050027791,9.402278496213553,0.22391769043709167,0.367
4,45,88.81521739130434,20.148857763729207,10.430372081377408,10.688377176741687,0.22686267461303233,0.365
5,35,52.48913043478261,11.709388142175428,11.088166567312124,7.094749768518528,0.22308215139369214,0.361
5,36,61.5,13.449539393232401,11.557818710389686,8.741653233027487,0.21869169745093334,0.358
8,33,88.34782608695652,20.188362866319036,10.175453182899501,11.140547706514973,0.22851001275853242,0.357
2,42,49.46739130434783,10.952897240232303,11.201974684980907,6.863281900359995,0.22141651199766466,0.356
4,6,62.54347826086956,13.54878287666765,11.741756693956146,8.969539784852444,0.2166298270165839,0.355
6,12,55.31521739130435,11.830236310446761,12.180225658959658,8.358322795631437,0.213869471519179,0.355
2,19,53.25,11.620013996322266,11.548120020968963,7.502138734684146,0.21821622528304724,0.353
9,46,64.73913043478261,14.41981966723396,10.91162889363385,8.26808461692701,0.2227373084932042,0.35
6,50,51.28260869565217,10.92967136728487,12.091110718620385,6.983330709722082,0.21312627507210855,0.349
4,25,87.73913043478261,19.646809748696633,10.45282679728451,11.069234916921287,0.22392300506443139,0.344
8,21,52.72826086956522,11.270990928158348,11.962201751432195,7.636596142955927,0.2137561668502511,0.34299999999999997
9,43,55.73913043478261,11.717245264915494,12.351922432011964,8.368770699959189,0.21021578868413132,0.34
8,6,75.32608695652173,17.026875133961617,10.179315901196928,9.617183985354357,0.22604220957063043,0.33799999999999997
7,12,51.02173913043478,11.1955429326841,11.20136896663388,6.868370145497383,0.21942691730015706,0.33799999999999997
1,8,72.91304347826087,15.919890229557677,11.215410222454716,9.445262422113148,0.21834077237914523,0.33499999999999996
4,31,64.55434782608695,13.975932319003983,11.376554464569255,8.462573114510171,0.21649869899787277,0.33
10,2,68.3804347826087,15.141706024994281,10.591109033156215,8.387552029753412,0.22143331017317974,0.32799999999999996
10,29,80.66304347826087,17.36630384730068,11.50319529785899,10.630964036715392,0.2152944285071638,0.32399999999999995
4,32,48.90217391304348,10.754053447507104,10.791411971051097,6.516135865224506,0.21990951704171008,0.32
6,25,64.51086956521739,14.301690183075916,10.371252348286657,8.649394558005852,0.2216942707401827,0.31699999999999995
3,29,84.41304347826087,18.665447995620404,10.432803236535374,10.359666422031776,0.22112042436222987,0.314
6,35,51.56521739130435,11.126944179127007,11.224887353572235,6.830739756577311,0.21578390903871933,0.312
10,8,90.3695652173913,20.619907904903197,9.480699142895975,10.636964228434467,0.2281731449664535,0.311
10,25,94.16304347826087,20.962696943926954,10.212608205900397,10.702452711507988,0.2226212765602308,0.31
9,12,76.03260869565217,16.821265378802494,10.353696333173836,9.571843720742587,0.22123751463185554,0.30900000000000005
6,18,66.3804347826087,14.281966182940112,11.260263055736486,9.286786634743455,0.2151532485394613,0.309
1,35,62.83695652173913,14.203603608613427,9.768371621662716,7.069582814666841,0.22603901262626452,0.309
8,26,61.94565217391305,13.181208844524171,11.519620280674266,9.012370211618206,0.21278666673034283,0.308
5,12,55.31521739130435,12.328765031622957,10.053371881404289,6.9738384365315955,0.22288197738441973,0.305
1,6,56.28260869565217,12.048734452677273,11.281933867832524,7.654296802439244,0.21407562179341622,0.305
10,43,60.96739130434783,13.296658331710763,10.682057488890083,8.514525460829068,0.21809459199810843,0.303
10,20,54.82608695652174,11.816926485038106,11.131777803866623,7.4289547519250485,0.21553474159863317,0.303
2,20,62.57608695652174,13.885112349541439,10.151660213253875,7.311055064514897,0.2218916686047963,0.3
9,6,64.48913043478261,14.354609907941539,10.04724886355474,7.812936107997826,0.22258960248282852,0.3
4,46,64.8586956521739,14.280995995785075,10.283931325173054,8.236980635762666,0.22018629656648683,0.29900000000000004
6,28,69.27173913043478,15.333725854812322,10.164390013624896,8.835940493278942,0.22135615544370527,0.29600000000000004
4,18,92.40217391304348,20.624353353890278,9.871731071845577,10.717861962248929,0.2232020360613934,0.294
8,8,100.65217391304348,23.27732225763748,8.955139047079632,10.603060789131847,0.23126497275406566,0.294
2,33,92.07608695652173,20.767278623905078,9.533042743980216,10.492537348066154,0.22554475662841073,0.291
2,43,70.42391304347827,15.61996024790722,9.907441288786812,8.681196668490399,0.22179909597275263,0.287
3,12,82.5,18.004578172365907,10.351955259288127,10.11128472110733,0.21823731118019282,0.28600000000000003
4,14,64.30434782608695,14.160569873081906,10.0371629282835,8.003260258547249,0.22021170188024602,0.28600000000000003
2,10,98.18478260869566,21.39524921479557,10.368002653387592,11.692176392505056,0.21790799598817584,0.286
3,31,68.72826086956522,14.84654343230246,10.55882289023332,8.226464748613994,0.21601802874771883,0.28200000000000003
10,33,80.65217391304348,18.089785098018673,9.452817145334189,9.196017227839782,0.2242938314040051,0.28
6,36,61.880434782608695,13.462885401182396,10.335729321071502,7.529499020129277,0.21756287667464963,0.279
4,2,63.869565217391305,13.470535523185934,11.254483803385153,8.15198454095483,0.21090695509412966,0.274
3,43,60.68478260869565,12.731314122779361,11.478458122105268,7.870981620142999,0.20979417863079014,0.273
1,38,76.72826086956522,16.64767631270256,10.307535829963278,10.241655175043391,0.21696929037663062,0.273
2,6,77.04347826086956,16.174130099391732,11.319412967586517,10.423797125354847,0.20993509722686787,0.271
1,13,79.33695652173913,17.309895012989713,10.07960429214273,9.908323956517233,0.21818198947733303,0.269
1,29,66.5,14.123863369613725,10.905175055986343,9.369981569817538,0.2123889228513342,0.265
9,2,65.33695652173913,13.91439856187641,10.68744404865532,8.052990480466402,0.21296367787267176,0.265
9,25,89.47826086956522,19.686821754370158,9.804487222353863,10.862650490315753,0.2200179301994721,0.265
1,45,75.6304347826087,16.037536594772497,10.862241164264912,9.57539130367653,0.212051360551749,0.262
3,14,70.8586956521739,15.595562571012145,9.69807014292601,8.310738257018029,0.22009384208208582,0.257
1,28,84.48913043478261,18.548122481458748,9.74705181860719,10.155100776614326,0.21953264740694775,0.256
3,15,106.19565217391305,23.802871343293425,9.07178924037729,11.143741398800763,0.2241416748805522,0.254
7,13,60.22826086956522,12.188179520302096,11.733143250315765,8.212806715808126,0.20236645296296568,0.248
10,10,85.1304347826087,18.10422656699553,10.364886128856357,10.347137458055956,0.21266456130791478,0.244
2,7,78.27173913043478,17.139443142293228,9.664568648300497,9.164067287276476,0.21897358270948158,0.244
1,14,55.68478260869565,12.089346275081013,9.831988966548833,6.899497749340075,0.2171032319553881,0.244
1,22,75.6086956521739,17.079617388809183,8.7190823978503,8.038337336917332,0.2258948820831577,0.242
1,33,66.01086956521739,13.691655086795267,11.200472828794455,8.633458176888068,0.20741516021491266,0.241
4,33,77.02173913043478,17.197609251729023,9.017486322035412,8.402229350252542,0.22328253615002402,0.24
2,25,108.75,23.503857527676566,9.875875850352216,12.688551177637516,0.21612742554185346,0.24
3,10,87.79347826086956,18.60729978667432,10.381783236852561,10.360216389060719,0.21194398667500775,0.238
9,7,64.16304347826087,13.396142772638026,10.951390668973689,8.597337280103158,0.20878284517748574,0.23700000000000002
8,20,60.40217391304348,12.335118972159691,11.296308040446881,7.9469966043623925,0.2042164738957516,0.234
9,18,92.69565217391305,20.394321085464654,9.29795587577725,10.783056807802904,0.22001378281692638,0.23199999999999998
5,38,63.46739130434783,13.073293881044028,11.111936137547964,8.854324521086056,0.20598442148587953,0.22899999999999998
9,14,64.42391304347827,13.791408135719216,9.938858610035396,7.690342609247107,0.21407281061011774,0.226
3,9,59.77173913043478,12.612660010742536,10.327528187510866,7.401906781999358,0.21101376995604898,0.223
7,18,61.30434782608695,12.634975989344571,10.81798220853403,7.457569081828053,0.20610244521625898,0.216
3,11,83.67391304347827,18.26851533791665,9.238267727611401,9.545028874085435,0.21832987933077835,0.213
3,18,100.66304347826087,21.835185424071483,9.33696707573161,11.19360359866534,0.2169136226125231,0.20900000000000002
2,39,57.53260869565217,12.198406567673224,9.889106304407923,6.953916353505382,0.21202595961192833,0.20600000000000002
9,35,73.43478260869566,15.14784599914325,10.465668540605943,9.22865508577241,0.20627617405582874,0.204
4,35,71.94565217391305,15.411829430122236,9.508761859411734,8.0887656512873,0.21421488254588997,0.2
2,46,79.31521739130434,17.410953573765745,8.932958658267106,8.236714557804946,0.21951592829744396,0.2
10,35,77.32608695652173,16.345250811176538,9.869861037925556,8.712557626820471,0.21138080891597436,0.197
9,8,85.23913043478261,18.405308339164623,9.28715884013657,9.21747458109821,0.21592557602692494,0.194
2,50,88.94565217391305,19.515203501420718,8.79337322343859,9.32949008642109,0.21940592962614028,0.194
9,36,83.82608695652173,17.842786393331895,9.571524898735161,9.836487254324274,0.21285481693290126,0.194
7,15,62.79347826086956,13.275225246720698,9.775541722359664,7.767197944444576,0.21141089193323598,0.192
2,48,69.6195652173913,14.538197048989973,10.077495091286766,8.20805913473846,0.20882343926730332,0.191
1,25,76.56521739130434,16.063270743693167,10.017691440920029,9.252811698384123,0.20979853895794598,0.19
9,10,81.56521739130434,17.449647716980625,9.430629228319258,9.248479172993386,0.21393491337449594,0.19
5,22,64.71739130434783,13.410120900665763,10.237373252040438,7.589545198792358,0.20721046739355897,0.189
4,36,85.23913043478261,18.386790268516254,9.167545177316752,8.717027335848991,0.21570832755719146,0.185
6,10,58.22826086956522,12.468071980872192,9.292123290610862,6.306463836736711,0.2141240661266085,0.184
8,12,87.65217391304348,18.095858783497384,10.19259708169252,10.437944592565234,0.20645076985140864,0.183
8,24,85.15217391304348,18.102233960013,9.465264549413163,9.817867201346374,0.2125868680522333,0.183
2,29,92.92391304347827,19.612865084620363,9.701901916354913,10.370190040665056,0.2110637019283043,0.183
4,28,96.59782608695652,19.916893145890164,10.221626745834568,11.223246553821502,0.20618365808730676,0.183
3,36,91.16304347826087,19.720172732850834,8.96381682515744,9.9296136918839,0.21631762148828862,0.181
8,46,76.20652173913044,16.037413704154535,9.74162274747625,8.730416905109385,0.21044673524207919,0.179
5,15,70.40217391304348,14.360400207628896,10.360858771547148,9.090685615874104,0.20397665880837706,0.177
1,18,80.83695652173913,16.785837288994387,9.99846119737797,9.519614857632755,0.20765053524102242,0.177
3,38,97.69565217391305,21.190781289464226,8.859827822315907,10.542467534834067,0.2169060835147651,0.177
4,12,77.15217391304348,16.19451459335773,9.799102497130752,9.328938136453315,0.20990354220751073,0.176
10,11,84.48913043478261,18.10682256530316,9.149423891346572,9.216592316645682,0.2143094913171093,0.175
2,2,77.94565217391305,16.40380827562982,9.666321590994109,9.132392469616684,0.2104518702214396,0.175
3,50,78.09782608695652,15.981486392387952,10.26506954733995,9.532143134285068,0.2046342029366307,0.17400000000000002
8,13,108.96739130434783,23.31035287938992,9.222059118690023,11.863205313633275,0.2139204453769449,0.173
10,45,94.3695652173913,20.45241993328828,8.76924589499969,9.981150256153768,0.21672686407078115,0.171
8,14,75.8913043478261,15.789450172235872,9.827981629689745,8.951692208052892,0.20805348264762247,0.17099999999999999
4,8,86.01086956521739,18.064289686364916,9.696579789008226,9.918983071908992,0.21002333516309518,0.16899999999999998
10,36,90.94565217391305,19.762526493749444,8.583162533835228,9.404540129498287,0.2173003988795206,0.168
3,22,95.58695652173913,20.90961825788305,8.354998937272859,9.772034648419126,0.21874970203834895,0.16699999999999998
9,22,89.26086956521739,19.10000837996329,9.036715198029691,10.021174667334067,0.21397963601517567,0.166
5,28,69.58695652173913,14.084635985897252,10.30700319386491,8.400923958710383,0.2024033912375113,0.165
10,6,68.34782608695652,13.383140765927516,10.492702189254555,8.647401303687065,0.19580931146077157,0.163
9,15,97.59782608695652,21.17330881584596,8.531444152848117,10.48308332553247,0.21694447166252684,0.161
2,14,79.52173913043478,16.761073597803318,9.344398261687948,8.435896573812602,0.210773478813273,0.159
4,29,76.25,16.204479776752013,9.14230789975017,8.59597582706946,0.21251776756396082,0.157
9,50,71.90217391304348,14.717157351095164,9.958336112532761,8.687971112724258,0.2046830652004165,0.157
2,11,94.08695652173913,19.517617949321355,9.703294504513583,10.293057857110448,0.2074423349511974,0.156
10,14,69.3913043478261,13.50291504688886,10.443505533708455,8.60793864407008,0.19459088100153119,0.156
2,36,104.5,22.47269405349474,8.740842598457965,11.867476696124312,0.2150497038611937,0.154
3,46,71.21739130434783,15.145322483193397,8.98727625732597,8.188021093888175,0.21266325831101837,0.154
10,50,76.82608695652173,15.727493038214345,9.872437840907532,9.122841258995113,0.20471552907692697,0.153
2,31,79.16304347826087,16.44255880591584,9.509493541931565,8.955615722978157,0.2077049856026716,0.149
2,35,87.56521739130434,18.60716177129094,8.866256879433458,9.139516851646075,0.21249489609716565,0.14200000000000002
4,10,80.75,16.15285842087509,10.032527066256792,9.937511749447458,0.20003539840092993,0.142
8,45,100.81521739130434,20.935762214752568,9.41596798779946,11.002623804887739,0.20766470337005244,0.14100000000000001
8,2,75.03260869565217,15.428282212256251,9.573525135249382,8.997871350407035,0.20562102904933727,0.139
2,28,117.51086956521739,24.713076382565,9.162549507909873,12.123994375485672,0.21030459968513365,0.138
8,28,113.83695652173913,24.03627166327209,8.948006472988293,12.120847882970303,0.21114647121369542,0.136
8,25,103.3695652173913,22.255616597581774,8.349592574495201,10.662736967210776,0.2153014434256071,0.136
4,22,88.5,18.167414374504286,9.557535888088404,9.446009157645525,0.20528151835598063,0.135
3,6,69.32608695652173,14.407803666688748,9.294263537698455,7.696580992279814,0.20782658158284179,0.135
10,24,78.23913043478261,16.27265593268901,9.287923243277369,9.20640209014585,0.2079861552941635,0.134
1,2,56.358695652173914,11.081696146744513,10.01509456274773,6.971223797897664,0.19662797405988333,0.132
4,13,91.90217391304348,19.333998854496855,8.980688997524766,10.435472140970752,0.21037585980055712,0.131
8,18,107.16304347826087,23.02806561611434,8.025069627453156,10.837778201543083,0.2148881262483537,0.125
5,18,67.1086956521739,13.643383069337455,9.551244475989767,8.29763689246151,0.2033027603464603,0.122
3,8,91.58695652173913,19.30162674571902,8.6451506195326,9.477717221523974,0.21074645865252195,0.114
8,11,90.51086956521739,19.203075855509983,8.383958416467609,9.452651242389532,0.21216320147795345,0.114
9,28,97.51086956521739,20.630977756557996,8.440499724546983,9.851277021945222,0.2115761847735298,0.11299999999999999
8,50,84.09782608695652,17.629931954397176,8.808822863202774,9.075076577240694,0.2096360010087295,0.11200000000000002
1,15,84.22826086956522,17.266561255835757,9.263577311906865,9.271617869527976,0.20499724293933277,0.112
9,13,91.5,18.630885381803242,9.371888587088472,9.802082558268394,0.20361623368090975,0.111
4,24,72.1086956521739,15.159559071655538,8.674451945032008,8.048315442304972,0.2102320522448462,0.109
9,24,72.30434782608695,14.526019950900217,9.460187905628795,8.090630291058748,0.20090105764925137,0.10700000000000001
3,28,105.54347826086956,22.353509960383683,8.090216430705269,10.528550765694597,0.21179432712206991,0.102
3,7,69.8804347826087,14.256552294484457,9.206880668213277,7.912477425615988,0.20401350304752994,0.1
9,45,89.42391304347827,18.813271966945177,8.39343188980423,9.204444386935586,0.21038300971909032,0.099
3,13,100.55434782608695,20.658587406595085,8.959210312543384,10.840746707076542,0.20544698318092616,0.097
10,38,95.15217391304348,18.739940763981988,9.396464054997642,10.878189560873581,0.19694705852025848,0.094
10,31,66.69565217391305,13.237259377746266,9.328842794146636,7.5384145458517,0.19847259823218,0.093
1,12,66.07608695652173,13.16441565223778,9.246096744747726,7.05327716758911,0.19923116302120017,0.08700000000000001
4,11,77.8804347826087,14.981191424989644,9.37813548852339,8.833234588656701,0.19236142513594517,0.082
2,12,93.26086956521739,19.10173432389326,8.687708902583378,10.16262865409701,0.20482046128183917,0.077
2,24,90.04347826086956,18.644689927537748,8.425618672796046,8.929439639140746,0.20706319089008604,0.076
8,29,90.07608695652173,17.795068890777593,9.037527119254904,9.72750389335261,0.19755597175715442,0.074
8,10,95.03260869565217,19.731968308805488,8.193591332634293,9.525326747354983,0.20763365943155723,0.073
4,38,87.97826086956522,17.701417501363352,8.94598377836512,9.548448164422878,0.20120217570118956,0.073
10,18,98.53260869565217,20.596836995490946,7.657470149475055,8.877967395498919,0.20903574225980884,0.07200000000000001
3,35,77.07608695652173,15.85111615694387,8.427025136440747,8.191611285215778,0.2056554345563159,0.07
3,45,95.40217391304348,18.08894980678201,9.180988639871464,10.888452657167099,0.18960731254687763,0.066
2,38,110.19565217391305,22.303224588442873,8.698491199807354,11.27014647592125,0.2023965932271399,0.063
3,2,68.72826086956522,13.696155922450581,8.791153592850089,7.433063525622592,0.19927982680143183,0.061
8,15,113.48913043478261,23.478067654174783,7.739166510371237,10.974073048413697,0.20687503344354755,0.059
2,45,109.1086956521739,21.54038197021672,8.791412955277645,11.549865028815525,0.19742131313607675,0.057
3,33,82.76086956521739,16.81010264346708,8.518557145883193,8.387941967511752,0.20311655413698074,0.055
10,15,103.92391304347827,21.2065891147649,8.372312859832721,11.202418399995134,0.20405880122982645,0.055
9,11,77.70652173913044,15.164691526286791,8.944168294919189,9.172079027015675,0.1951533949389264,0.055
2,8,104.56521739130434,20.68513526258272,8.56956955827911,11.070873248509002,0.19782042039060396,0.046
2,18,114.22826086956522,23.32385623068494,7.889352731031722,10.867814726517532,0.20418639006784797,0.046
10,7,67.53260869565217,13.241170466304172,8.593229899704129,7.48186350651468,0.19607076821181135,0.041999999999999996
2,13,111.32608695652173,22.619212244059387,8.030494011219533,10.724601521783285,0.2031798014502503,0.041
8,36,101.17391304347827,19.783781067102336,8.588924175750765,10.831216384452949,0.1955423139421374,0.039
4,15,99.04347826086956,20.130297019627488,7.830203072645843,9.94577423296277,0.20324707263012828,0.039
8,31,75.19565217391305,13.947498992343528,8.743127396951051,8.517489511040795,0.18548278509621344,0.038
10,13,100.19565217391305,20.065956699128847,8.293606147077716,10.032699226288063,0.20026773880666673,0.038
8,22,103.6413043478261,20.96442906907004,8.111508181512585,10.768779592426009,0.2022787073261084,0.038
8,38,105.8913043478261,20.634685682729362,8.551192763374674,11.240413078501819,0.19486666832386587,0.034
10,28,103.15217391304348,20.274996664060485,8.124581935386542,9.974964187220584,0.1965542353101754,0.026000000000000002
10,22,93.95652173913044,17.607386713809415,8.461931436951415,9.63263469968342,0.187399303293668,0.026
2,22,108.42391304347827,21.31049047535152,7.285688652877837,10.152864245546699,0.19654788207843008,0.015
3,25,95.01086956521739,17.743901329763485,7.802757858080242,8.866544485249927,0.18675654070909972,0.007
2,15,117.04347826086956,22.68509364060547,7.13344950714737,10.602192836866733,0.19381766483429635,0.007
